flip_flop,RHC,200,150,8,153,131.0,39.0
flip_flop,RHC,200,150,2,153,117.0,60.0
flip_flop,RHC,200,50,8,53,99.0,26.0
flip_flop,RHC,200,200,3,203,132.0,20.0
flip_flop,RHC,200,200,5,203,125.0,33.0
flip_flop,RHC,200,400,9,403,139.0,2.0
flip_flop,RHC,200,100,2,103,124.0,32.0
flip_flop,RHC,200,1,6,4,102.0,71.0
flip_flop,RHC,200,150,9,153,126.0,37.0
flip_flop,RHC,200,200,0,203,138.0,39.0
flip_flop,RHC,200,300,3,303,147.0,18.0
flip_flop,RHC,200,100,5,103,129.0,21.0
flip_flop,RHC,200,300,4,303,133.0,19.0
flip_flop,RHC,200,100,6,103,124.0,19.0
flip_flop,RHC,200,100,3,103,126.0,92.0
flip_flop,RHC,200,100,7,103,121.0,19.0
flip_flop,RHC,200,1,2,4,113.0,19.0
flip_flop,RHC,200,200,6,203,136.0,15.0
flip_flop,RHC,200,150,1,153,139.0,90.0
flip_flop,RHC,200,50,6,53,110.0,15.0
flip_flop,RHC,200,1,1,4,93.0,14.0
flip_flop,RHC,200,400,4,403,150.0,33.0
flip_flop,RHC,200,1,5,4,99.0,9.0
flip_flop,RHC,200,150,6,153,113.0,64.0
flip_flop,RHC,200,50,0,53,112.0,86.0
flip_flop,RHC,200,50,7,53,113.0,62.0
flip_flop,RHC,200,1,3,4,93.0,11.0
flip_flop,RHC,200,300,6,303,146.0,14.0
flip_flop,RHC,200,100,0,103,126.0,75.0
flip_flop,RHC,200,300,9,303,140.0,18.0
flip_flop,RHC,200,1,9,4,95.0,12.0
flip_flop,RHC,200,100,9,103,124.0,77.0
flip_flop,RHC,200,300,0,303,144.0,13.0
flip_flop,RHC,200,1,7,4,109.0,12.0
flip_flop,RHC,200,1,0,4,90.0,8.0
flip_flop,RHC,200,100,1,103,115.0,85.0
flip_flop,RHC,200,400,5,403,142.0,22.0
flip_flop,RHC,200,150,0,153,139.0,78.0
flip_flop,RHC,200,200,9,203,122.0,15.0
flip_flop,RHC,200,300,1,303,140.0,67.0
flip_flop,RHC,200,400,0,403,148.0,21.0
flip_flop,RHC,200,150,4,153,116.0,69.0
flip_flop,RHC,200,300,5,303,132.0,13.0
flip_flop,RHC,200,300,7,303,142.0,14.0
flip_flop,RHC,200,50,4,53,110.0,68.0
flip_flop,RHC,200,150,5,153,127.0,73.0
flip_flop,RHC,200,200,1,203,132.0,21.0
flip_flop,RHC,200,400,3,403,152.0,26.0
flip_flop,RHC,200,500,0,503,147.0,11.0
flip_flop,RHC,200,300,8,303,135.0,15.0
flip_flop,RHC,200,50,2,53,127.0,46.0
flip_flop,RHC,200,100,4,103,125.0,58.0
flip_flop,RHC,200,1,8,4,102.0,57.0
flip_flop,RHC,200,200,4,203,139.0,26.0
flip_flop,RHC,200,400,2,403,140.0,9.0
flip_flop,RHC,200,50,9,53,106.0,35.0
flip_flop,RHC,200,400,7,403,145.0,21.0
flip_flop,RHC,200,100,8,103,118.0,57.0
flip_flop,RHC,200,400,1,403,149.0,25.0
flip_flop,RHC,200,400,8,403,150.0,14.0
flip_flop,RHC,200,50,5,53,118.0,49.0
flip_flop,RHC,200,150,3,153,122.0,80.0
flip_flop,RHC,200,200,2,203,131.0,75.0
flip_flop,RHC,200,200,8,203,126.0,7.0
flip_flop,RHC,200,300,2,303,134.0,14.0
flip_flop,RHC,200,200,7,203,130.0,35.0
flip_flop,RHC,200,150,7,153,126.0,45.0
flip_flop,RHC,200,50,3,53,111.0,57.0
flip_flop,RHC,200,50,1,53,113.0,87.0
flip_flop,RHC,200,400,6,403,142.0,15.0
flip_flop,RHC,200,1,4,4,103.0,12.0
flip_flop,RHC,200,500,1,503,154.0,2.0
flip_flop,RHC,200,500,2,503,139.0,26.0
flip_flop,RHC,200,500,5,503,153.0,22.0
flip_flop,RHC,200,500,7,503,151.0,3.0
flip_flop,RHC,200,600,6,603,153.0,4.0
flip_flop,RHC,200,500,4,503,154.0,29.0
flip_flop,RHC,200,600,5,603,154.0,4.0
flip_flop,RHC,200,600,0,603,154.0,4.0
flip_flop,RHC,200,500,3,503,154.0,29.0
flip_flop,RHC,200,500,6,503,150.0,2.0
flip_flop,RHC,200,500,9,503,164.0,4.0
flip_flop,RHC,200,600,4,603,152.0,9.0
flip_flop,RHC,200,500,8,503,150.0,2.0
flip_flop,RHC,200,600,2,603,152.0,3.0
flip_flop,RHC,200,600,1,603,153.0,3.0
flip_flop,RHC,200,700,0,703,157.0,20.0
flip_flop,RHC,200,600,7,603,153.0,20.0
flip_flop,RHC,200,800,7,803,166.0,7.0
flip_flop,RHC,200,800,3,803,165.0,10.0
flip_flop,RHC,200,700,8,703,151.0,5.0
flip_flop,RHC,200,700,9,703,161.0,6.0
flip_flop,RHC,200,800,8,803,154.0,12.0
flip_flop,RHC,200,600,3,603,155.0,3.0
flip_flop,RHC,200,600,9,603,160.0,56.0
flip_flop,RHC,200,800,5,803,164.0,27.0
flip_flop,RHC,200,800,4,803,154.0,32.0
flip_flop,RHC,200,800,6,803,162.0,55.0
flip_flop,RHC,200,700,6,703,153.0,44.0
flip_flop,RHC,200,800,0,803,157.0,55.0
flip_flop,RHC,200,800,1,803,155.0,68.0
flip_flop,RHC,200,700,7,703,156.0,93.0
flip_flop,SA55,200,150,4,153,123.0,2.0
flip_flop,SA55,200,150,6,153,121.0,0.0
flip_flop,SA55,200,150,2,153,126.0,1.0
flip_flop,SA55,200,150,1,153,117.0,1.0
flip_flop,SA55,200,150,0,153,121.0,1.0
flip_flop,SA55,200,100,9,103,123.0,0.0
flip_flop,SA55,200,100,8,103,117.0,0.0
flip_flop,SA55,200,150,3,153,130.0,0.0
flip_flop,SA55,200,100,7,103,131.0,0.0
flip_flop,SA55,200,100,6,103,115.0,0.0
flip_flop,SA55,200,100,5,103,107.0,0.0
flip_flop,SA55,200,100,4,103,111.0,1.0
flip_flop,SA55,200,100,3,103,124.0,1.0
flip_flop,SA55,200,100,2,103,113.0,0.0
flip_flop,SA55,200,150,5,153,128.0,7.0
flip_flop,SA55,200,100,1,103,110.0,0.0
flip_flop,SA55,200,50,9,53,105.0,0.0
flip_flop,SA55,200,50,8,53,104.0,0.0
flip_flop,SA55,200,50,7,53,91.0,0.0
flip_flop,SA55,200,50,6,53,99.0,0.0
flip_flop,SA55,200,100,0,103,119.0,1.0
flip_flop,SA55,200,50,5,53,105.0,1.0
flip_flop,SA55,200,50,3,53,100.0,0.0
flip_flop,SA55,200,50,1,53,101.0,0.0
flip_flop,SA55,200,50,2,53,105.0,0.0
flip_flop,SA55,200,50,4,53,93.0,0.0
flip_flop,SA55,200,50,0,53,104.0,0.0
flip_flop,SA55,200,1,9,4,102.0,0.0
flip_flop,SA55,200,1,8,4,103.0,0.0
flip_flop,SA55,200,1,7,4,99.0,0.0
flip_flop,SA55,200,1,6,4,103.0,0.0
flip_flop,SA55,200,1,5,4,92.0,0.0
flip_flop,SA55,200,1,4,4,95.0,0.0
flip_flop,SA55,200,1,3,4,88.0,0.0
flip_flop,SA55,200,150,7,153,116.0,0.0
flip_flop,SA55,200,1,2,4,99.0,0.0
flip_flop,SA55,200,1,1,4,96.0,0.0
flip_flop,SA55,200,1,0,4,98.0,0.0
flip_flop,SA55,200,150,8,153,123.0,1.0
flip_flop,SA55,200,150,9,153,119.0,1.0
flip_flop,SA55,200,200,1,203,124.0,1.0
flip_flop,SA55,200,200,0,203,130.0,1.0
flip_flop,SA55,200,200,2,203,123.0,1.0
flip_flop,SA55,200,200,4,203,132.0,1.0
flip_flop,SA55,200,200,3,203,128.0,1.0
flip_flop,SA55,200,200,5,203,130.0,1.0
flip_flop,SA55,200,200,6,203,134.0,1.0
flip_flop,SA55,200,200,7,203,126.0,1.0
flip_flop,SA55,200,200,9,203,127.0,0.0
flip_flop,SA55,200,200,8,203,133.0,1.0
flip_flop,SA55,200,300,0,303,139.0,1.0
flip_flop,RHC,200,2500,7,2503,164.0,50.0
flip_flop,SA55,200,300,1,303,137.0,2.0
flip_flop,RHC,200,700,4,703,160.0,179.0
flip_flop,SA55,200,300,5,303,145.0,1.0
flip_flop,RHC,200,900,2,903,166.0,222.0
flip_flop,RHC,200,900,5,903,161.0,213.0
flip_flop,RHC,200,900,8,903,169.0,112.0
flip_flop,SA55,200,300,2,303,144.0,44.0
flip_flop,RHC,200,700,5,703,158.0,291.0
flip_flop,RHC,200,900,6,903,168.0,244.0
flip_flop,SA55,200,400,0,403,146.0,5.0
flip_flop,RHC,200,1000,5,1003,164.0,261.0
flip_flop,RHC,200,900,1,903,166.0,199.0
flip_flop,SA55,200,300,8,303,137.0,2.0
flip_flop,SA55,200,300,4,303,138.0,6.0
flip_flop,SA55,200,400,8,403,146.0,2.0
flip_flop,RHC,200,1000,7,1003,146.0,171.0
flip_flop,RHC,200,900,0,903,156.0,308.0
flip_flop,RHC,200,1000,3,1003,156.0,270.0
flip_flop,RHC,200,900,4,903,150.0,271.0
flip_flop,SA55,200,400,9,403,145.0,2.0
flip_flop,RHC,200,800,2,803,154.0,321.0
flip_flop,RHC,200,1000,8,1003,163.0,195.0
flip_flop,RHC,200,2500,1,2503,157.0,231.0
flip_flop,RHC,200,600,8,603,156.0,332.0
flip_flop,SA55,200,300,3,303,130.0,107.0
flip_flop,RHC,200,700,1,703,156.0,351.0
flip_flop,RHC,200,1000,4,1003,161.0,315.0
flip_flop,RHC,200,1000,9,1003,166.0,127.0
flip_flop,RHC,200,2500,6,2503,160.0,207.0
flip_flop,RHC,200,900,3,903,159.0,245.0
flip_flop,RHC,200,1000,6,1003,161.0,135.0
flip_flop,SA55,200,300,6,303,143.0,11.0
flip_flop,RHC,200,800,9,803,149.0,396.0
flip_flop,SA55,200,400,1,403,145.0,48.0
flip_flop,SA55,200,300,9,303,145.0,26.0
flip_flop,SA55,200,500,0,503,163.0,59.0
flip_flop,SA55,200,300,7,303,143.0,73.0
flip_flop,SA55,200,500,2,503,144.0,65.0
flip_flop,SA55,200,500,7,503,150.0,33.0
flip_flop,RHC,200,2000,4,2003,168.0,304.0
flip_flop,SA55,200,400,6,403,147.0,78.0
flip_flop,SA55,200,400,5,403,144.0,85.0
flip_flop,RHC,200,700,2,703,154.0,431.0
flip_flop,SA55,200,500,5,503,140.0,56.0
flip_flop,SA55,200,400,2,403,141.0,106.0
flip_flop,SA55,200,400,3,403,141.0,103.0
flip_flop,SA55,200,400,7,403,155.0,111.0
flip_flop,SA55,200,500,4,503,148.0,47.0
flip_flop,SA55,200,500,1,503,165.0,27.0
flip_flop,RHC,200,2000,9,2003,156.0,384.0
flip_flop,SA55,200,400,4,403,141.0,118.0
flip_flop,SA55,200,500,8,503,148.0,85.0
flip_flop,SA55,200,500,3,503,152.0,94.0
flip_flop,SA55,200,600,2,603,158.0,35.0
flip_flop,SA55,200,800,8,803,160.0,69.0
flip_flop,SA55,200,700,0,703,159.0,69.0
flip_flop,SA55,200,800,3,803,166.0,59.0
flip_flop,SA55,200,800,9,803,159.0,64.0
flip_flop,SA55,200,900,4,903,165.0,74.0
flip_flop,SA55,200,600,0,603,155.0,46.0
flip_flop,SA55,200,800,5,803,150.0,47.0
flip_flop,SA55,200,800,6,803,156.0,71.0
flip_flop,SA55,200,900,3,903,167.0,53.0
flip_flop,SA55,200,600,6,603,163.0,74.0
flip_flop,SA55,200,700,9,703,158.0,65.0
flip_flop,SA55,200,500,9,503,161.0,66.0
flip_flop,SA55,200,500,6,503,154.0,115.0
flip_flop,RHC,200,2500,8,2503,161.0,502.0
flip_flop,RHC,200,2000,3,2003,157.0,429.0
flip_flop,SA55,200,800,7,803,164.0,72.0
flip_flop,SA55,200,700,5,703,153.0,97.0
flip_flop,SA55,200,900,7,903,164.0,69.0
flip_flop,SA55,200,900,2,903,164.0,107.0
flip_flop,SA55,200,700,3,703,159.0,73.0
flip_flop,RHC,200,2000,0,2003,162.0,436.0
flip_flop,SA55,200,700,1,703,159.0,99.0
flip_flop,SA55,200,600,5,603,150.0,85.0
flip_flop,SA55,200,700,7,703,154.0,117.0
flip_flop,RHC,200,2000,5,2003,165.0,464.0
flip_flop,SA55,200,800,0,803,153.0,111.0
flip_flop,RHC,200,2500,4,2503,153.0,511.0
flip_flop,SA55,200,700,4,703,164.0,120.0
flip_flop,RHC,200,1000,0,1003,164.0,577.0
flip_flop,RHC,200,2000,1,2003,163.0,461.0
flip_flop,RHC,200,700,3,703,157.0,613.0
flip_flop,RHC,200,900,7,903,152.0,466.0
flip_flop,SA55,200,600,1,603,161.0,161.0
flip_flop,SA55,200,900,6,903,168.0,119.0
flip_flop,RHC,200,2000,2,2003,166.0,485.0
flip_flop,RHC,200,2000,8,2003,159.0,507.0
flip_flop,RHC,200,2500,0,2503,162.0,525.0
flip_flop,RHC,200,1000,2,1003,162.0,595.0
flip_flop,RHC,200,900,9,903,160.0,600.0
flip_flop,SA55,200,700,6,703,165.0,137.0
flip_flop,RHC,200,1000,1,1003,151.0,385.0
flip_flop,SA55,200,600,7,603,153.0,152.0
flip_flop,RHC,200,2000,7,2003,164.0,510.0
flip_flop,SA55,200,600,8,603,152.0,170.0
flip_flop,SA55,200,800,2,803,162.0,158.0
flip_flop,SA55,200,800,4,803,160.0,162.0
flip_flop,SA55,200,600,3,603,151.0,179.0
flip_flop,SA55,200,600,9,603,147.0,162.0
flip_flop,RHC,200,2500,3,2503,169.0,571.0
flip_flop,SA55,200,900,1,903,157.0,146.0
flip_flop,RHC,200,2000,6,2003,165.0,531.0
flip_flop,SA55,200,600,4,603,152.0,4.0
flip_flop,SA55,200,1000,2,1003,166.0,170.0
flip_flop,SA55,200,800,1,803,166.0,6.0
flip_flop,SA55,200,1000,5,1003,161.0,12.0
flip_flop,SA55,200,1000,1,1003,163.0,12.0
flip_flop,SA55,200,1000,0,1003,151.0,16.0
flip_flop,SA55,200,700,8,703,149.0,198.0
flip_flop,SA55,200,1000,6,1003,164.0,10.0
flip_flop,SA55,200,1000,4,1003,166.0,25.0
flip_flop,SA55,200,1000,3,1003,170.0,33.0
flip_flop,SA55,200,900,0,903,171.0,224.0
flip_flop,SA55,200,1000,7,1003,164.0,12.0
flip_flop,SA55,200,900,8,903,166.0,156.0
flip_flop,SA55,200,700,2,703,153.0,219.0
flip_flop,RHC,200,2500,9,2503,162.0,633.0
flip_flop,SA55,200,1000,9,1003,164.0,11.0
flip_flop,SA55,200,1000,8,1003,174.0,14.0
flip_flop,RHC,200,2500,2,2503,167.0,632.0
flip_flop,RHC,200,2500,5,2503,170.0,653.0
flip_flop,SA55,200,2000,3,2003,176.0,31.0
flip_flop,SA55,200,900,5,903,165.0,288.0
flip_flop,SA55,200,900,9,903,169.0,290.0
flip_flop,SA75,200,1,1,4,114.0,0.0
flip_flop,SA75,200,50,3,53,104.0,0.0
flip_flop,SA75,200,1,4,4,103.0,0.0
flip_flop,SA75,200,50,4,53,108.0,0.0
flip_flop,SA75,200,1,3,4,95.0,0.0
flip_flop,SA75,200,50,5,53,104.0,0.0
flip_flop,SA75,200,50,6,53,101.0,0.0
flip_flop,SA75,200,50,7,53,99.0,0.0
flip_flop,SA75,200,50,8,53,98.0,0.0
flip_flop,SA75,200,50,1,53,109.0,4.0
flip_flop,SA75,200,1,5,4,95.0,0.0
flip_flop,SA75,200,100,1,103,105.0,0.0
flip_flop,SA75,200,100,2,103,102.0,1.0
flip_flop,SA75,200,1,6,4,96.0,0.0
flip_flop,SA75,200,1,8,4,90.0,4.0
flip_flop,SA75,200,50,9,53,101.0,5.0
flip_flop,SA75,200,100,5,103,104.0,0.0
flip_flop,SA75,200,100,4,103,97.0,0.0
flip_flop,SA75,200,1,2,4,97.0,0.0
flip_flop,SA75,200,100,3,103,96.0,1.0
flip_flop,SA75,200,100,0,103,110.0,0.0
flip_flop,SA75,200,100,7,103,111.0,1.0
flip_flop,SA75,200,100,9,103,101.0,1.0
flip_flop,SA75,200,1,0,4,107.0,0.0
flip_flop,SA75,200,50,0,53,88.0,0.0
flip_flop,SA75,200,1,7,4,97.0,0.0
flip_flop,SA75,200,100,6,103,101.0,0.0
flip_flop,SA75,200,100,8,103,101.0,0.0
flip_flop,SA75,200,1,9,4,96.0,0.0
flip_flop,SA75,200,50,2,53,97.0,0.0
flip_flop,SA75,200,150,1,153,123.0,3.0
flip_flop,SA75,200,150,7,153,109.0,2.0
flip_flop,SA75,200,150,0,153,124.0,3.0
flip_flop,SA75,200,150,4,153,124.0,2.0
flip_flop,SA75,200,150,8,153,117.0,1.0
flip_flop,SA75,200,150,3,153,118.0,0.0
flip_flop,SA75,200,200,1,203,121.0,7.0
flip_flop,SA75,200,150,2,153,107.0,5.0
flip_flop,SA75,200,200,3,203,127.0,3.0
flip_flop,SA75,200,200,2,203,122.0,3.0
flip_flop,SA75,200,150,5,153,109.0,3.0
flip_flop,SA75,200,200,7,203,118.0,1.0
flip_flop,SA75,200,200,4,203,126.0,1.0
flip_flop,SA75,200,300,3,303,129.0,1.0
flip_flop,SA75,200,200,6,203,112.0,1.0
flip_flop,SA75,200,300,1,303,137.0,2.0
flip_flop,SA75,200,200,5,203,118.0,1.0
flip_flop,SA75,200,150,6,153,114.0,0.0
flip_flop,SA75,200,300,0,303,127.0,1.0
flip_flop,SA75,200,200,8,203,123.0,1.0
flip_flop,SA75,200,200,9,203,125.0,0.0
flip_flop,SA75,200,300,2,303,132.0,1.0
flip_flop,SA75,200,150,9,153,106.0,0.0
flip_flop,SA75,200,300,4,303,145.0,2.0
flip_flop,SA75,200,300,5,303,142.0,2.0
flip_flop,SA55,200,2500,5,2503,177.0,117.0
flip_flop,SA75,200,300,6,303,135.0,1.0
flip_flop,SA55,200,2000,8,2003,184.0,151.0
flip_flop,SA75,200,200,0,203,112.0,1.0
flip_flop,SA75,200,300,7,303,136.0,1.0
flip_flop,SA55,200,2000,5,2003,179.0,161.0
flip_flop,SA75,200,300,9,303,121.0,2.0
flip_flop,SA75,200,300,8,303,130.0,2.0
flip_flop,SA75,200,400,0,403,138.0,3.0
flip_flop,SA55,200,2500,1,2503,174.0,147.0
flip_flop,SA75,200,400,1,403,150.0,16.0
flip_flop,SA55,200,2000,2,2003,177.0,258.0
flip_flop,SA55,200,2500,3,2503,183.0,218.0
flip_flop,SA55,200,2000,1,2003,180.0,264.0
flip_flop,SA55,200,2000,6,2003,184.0,262.0
flip_flop,SA75,200,400,2,403,141.0,5.0
flip_flop,SA55,200,2000,0,2003,171.0,276.0
flip_flop,SA75,200,400,4,403,133.0,1.0
flip_flop,SA75,200,400,9,403,141.0,2.0
flip_flop,SA75,200,500,1,503,154.0,2.0
flip_flop,SA75,200,400,7,403,147.0,2.0
flip_flop,SA75,200,400,6,403,150.0,1.0
flip_flop,SA75,200,400,5,403,148.0,2.0
flip_flop,SA75,200,400,3,403,144.0,1.0
flip_flop,SA75,200,400,8,403,145.0,2.0
flip_flop,SA75,200,500,0,503,146.0,8.0
flip_flop,SA55,200,2000,7,2003,174.0,281.0
flip_flop,SA75,200,500,3,503,142.0,3.0
flip_flop,SA55,200,2000,4,2003,173.0,327.0
flip_flop,SA55,200,2500,7,2503,178.0,289.0
flip_flop,SA55,200,2500,8,2503,179.0,278.0
flip_flop,SA75,200,500,5,503,150.0,4.0
flip_flop,SA55,200,2500,9,2503,183.0,291.0
flip_flop,SA75,200,500,8,503,148.0,4.0
flip_flop,SA75,200,500,7,503,149.0,5.0
flip_flop,SA75,200,500,6,503,147.0,3.0
flip_flop,SA55,200,2000,9,2003,180.0,306.0
flip_flop,SA55,200,2500,0,2503,183.0,286.0
flip_flop,SA55,200,2500,2,2503,178.0,286.0
flip_flop,SA75,200,500,2,503,151.0,4.0
flip_flop,SA55,200,2500,4,2503,174.0,280.0
flip_flop,SA55,200,2500,6,2503,177.0,291.0
flip_flop,SA75,200,500,4,503,140.0,2.0
flip_flop,SA75,200,500,9,503,155.0,2.0
flip_flop,SA75,200,600,1,603,148.0,2.0
flip_flop,SA75,200,600,0,603,151.0,2.0
flip_flop,SA75,200,600,4,603,157.0,3.0
flip_flop,SA75,200,600,3,603,153.0,3.0
flip_flop,SA75,200,600,2,603,156.0,6.0
flip_flop,SA75,200,600,5,603,155.0,3.0
flip_flop,SA75,200,600,6,603,157.0,3.0
flip_flop,SA75,200,600,8,603,158.0,5.0
flip_flop,SA75,200,800,3,803,170.0,3.0
flip_flop,SA75,200,700,3,703,160.0,5.0
flip_flop,SA75,200,700,5,703,156.0,2.0
flip_flop,SA75,200,800,1,803,163.0,4.0
flip_flop,SA75,200,700,7,703,153.0,3.0
flip_flop,SA75,200,700,9,703,159.0,13.0
flip_flop,SA75,200,800,0,803,159.0,8.0
flip_flop,SA75,200,700,8,703,148.0,16.0
flip_flop,SA75,200,800,8,803,159.0,6.0
flip_flop,SA75,200,700,2,703,151.0,3.0
flip_flop,SA75,200,800,6,803,155.0,4.0
flip_flop,SA75,200,700,4,703,156.0,4.0
flip_flop,SA75,200,800,9,803,160.0,6.0
flip_flop,SA75,200,600,9,603,157.0,5.0
flip_flop,SA75,200,700,0,703,153.0,7.0
flip_flop,SA75,200,800,4,803,156.0,7.0
flip_flop,SA75,200,900,0,903,169.0,5.0
flip_flop,SA75,200,800,2,803,168.0,6.0
flip_flop,SA75,200,700,1,703,150.0,4.0
flip_flop,SA75,200,700,6,703,155.0,2.0
flip_flop,SA75,200,600,7,603,154.0,3.0
flip_flop,SA75,200,800,5,803,162.0,28.0
flip_flop,SA75,200,800,7,803,166.0,9.0
flip_flop,SA75,200,900,1,903,158.0,5.0
flip_flop,SA75,200,900,2,903,165.0,4.0
flip_flop,SA75,200,900,4,903,161.0,4.0
flip_flop,SA75,200,900,3,903,164.0,5.0
flip_flop,SA75,200,900,5,903,163.0,6.0
flip_flop,SA75,200,900,6,903,157.0,4.0
flip_flop,SA75,200,900,8,903,153.0,11.0
flip_flop,SA75,200,900,7,903,166.0,11.0
flip_flop,SA75,200,900,9,903,161.0,5.0
flip_flop,SA75,200,1000,0,1003,163.0,6.0
flip_flop,SA75,200,1000,1,1003,159.0,6.0
flip_flop,SA75,200,1000,2,1003,167.0,6.0
flip_flop,SA75,200,1000,3,1003,177.0,9.0
flip_flop,SA75,200,1000,4,1003,162.0,9.0
flip_flop,SA75,200,1000,5,1003,160.0,9.0
flip_flop,SA75,200,1000,9,1003,173.0,5.0
flip_flop,SA75,200,1000,6,1003,168.0,12.0
flip_flop,SA75,200,1000,8,1003,169.0,4.0
flip_flop,SA95,200,1,9,4,94.0,0.0
flip_flop,SA95,200,50,3,53,114.0,0.0
flip_flop,SA95,200,1,4,4,119.0,0.0
flip_flop,SA95,200,50,1,53,91.0,0.0
flip_flop,SA95,200,1,8,4,100.0,0.0
flip_flop,SA95,200,50,0,53,93.0,0.0
flip_flop,SA95,200,1,0,4,91.0,0.0
flip_flop,SA95,200,50,2,53,110.0,0.0
flip_flop,SA95,200,1,5,4,97.0,0.0
flip_flop,SA95,200,1,6,4,104.0,0.0
flip_flop,SA95,200,1,2,4,105.0,0.0
flip_flop,SA95,200,1,7,4,102.0,0.0
flip_flop,SA75,200,2000,0,2003,175.0,24.0
flip_flop,SA95,200,50,4,53,121.0,1.0
flip_flop,SA75,200,2000,3,2003,175.0,48.0
flip_flop,SA95,200,1,1,4,105.0,0.0
flip_flop,SA95,200,1,3,4,101.0,0.0
flip_flop,SA75,200,1000,7,1003,160.0,39.0
flip_flop,SA95,200,50,7,53,82.0,0.0
flip_flop,SA95,200,50,8,53,106.0,0.0
flip_flop,SA95,200,50,5,53,96.0,0.0
flip_flop,SA95,200,50,6,53,94.0,0.0
flip_flop,SA95,200,100,1,103,97.0,0.0
flip_flop,SA75,200,2000,9,2003,176.0,139.0
flip_flop,SA75,200,2000,8,2003,175.0,136.0
flip_flop,SA95,200,100,0,103,112.0,35.0
flip_flop,SA95,200,100,2,103,111.0,0.0
flip_flop,SA95,200,100,3,103,95.0,1.0
flip_flop,SA75,200,2000,6,2003,172.0,98.0
flip_flop,SA95,200,100,4,103,92.0,1.0
flip_flop,SA95,200,100,5,103,103.0,1.0
flip_flop,SA75,200,2000,1,2003,173.0,106.0
flip_flop,SA95,200,100,8,103,107.0,0.0
flip_flop,SA95,200,100,9,103,106.0,0.0
flip_flop,SA95,200,100,6,103,95.0,0.0
flip_flop,SA95,200,150,2,153,109.0,1.0
flip_flop,SA95,200,150,0,153,98.0,1.0
flip_flop,SA95,200,150,3,153,100.0,0.0
flip_flop,SA95,200,50,9,53,99.0,0.0
flip_flop,SA95,200,150,6,153,103.0,1.0
flip_flop,SA95,200,150,5,153,91.0,0.0
flip_flop,SA95,200,100,7,103,93.0,1.0
flip_flop,SA95,200,150,4,153,98.0,1.0
flip_flop,SA75,200,2500,6,2503,182.0,191.0
flip_flop,SA95,200,150,1,153,105.0,0.0
flip_flop,SA95,200,150,8,153,98.0,0.0
flip_flop,SA75,200,2500,0,2503,175.0,182.0
flip_flop,SA95,200,150,9,153,92.0,1.0
flip_flop,SA95,200,200,5,203,96.0,1.0
flip_flop,SA95,200,200,9,203,92.0,1.0
flip_flop,SA95,200,200,6,203,104.0,1.0
flip_flop,SA95,200,200,0,203,98.0,1.0
flip_flop,SA95,200,200,8,203,101.0,1.0
flip_flop,SA95,200,200,7,203,104.0,2.0
flip_flop,SA75,200,2000,4,2003,182.0,201.0
flip_flop,SA95,200,200,3,203,98.0,1.0
flip_flop,SA95,200,200,4,203,93.0,1.0
flip_flop,SA95,200,200,1,203,104.0,1.0
flip_flop,SA95,200,300,0,303,107.0,1.0
flip_flop,SA95,200,200,2,203,96.0,0.0
flip_flop,SA75,200,2500,4,2503,182.0,219.0
flip_flop,SA75,200,2500,2,2503,181.0,222.0
flip_flop,SA75,200,2000,7,2003,182.0,142.0
flip_flop,SA75,200,2500,5,2503,179.0,219.0
flip_flop,SA75,200,2000,5,2003,178.0,227.0
flip_flop,SA95,200,400,9,403,95.0,1.0
flip_flop,SA95,200,500,7,503,99.0,2.0
flip_flop,SA95,200,500,6,503,82.0,3.0
flip_flop,SA95,200,400,7,403,92.0,1.0
flip_flop,SA95,200,500,4,503,98.0,3.0
flip_flop,SA95,200,600,4,603,96.0,4.0
flip_flop,SA75,200,2500,9,2503,183.0,210.0
flip_flop,SA95,200,600,7,603,94.0,5.0
flip_flop,SA95,200,500,9,503,96.0,3.0
flip_flop,SA95,200,500,0,503,104.0,2.0
flip_flop,SA95,200,600,5,603,84.0,3.0
flip_flop,SA95,200,600,3,603,103.0,3.0
flip_flop,SA95,200,600,1,603,97.0,4.0
flip_flop,SA95,200,600,2,603,98.0,4.0
flip_flop,SA95,200,500,3,503,99.0,3.0
flip_flop,SA95,200,600,8,603,110.0,4.0
flip_flop,SA95,200,400,6,403,92.0,2.0
flip_flop,SA95,200,500,8,503,97.0,2.0
flip_flop,SA95,200,400,8,403,109.0,1.0
flip_flop,SA95,200,600,0,603,106.0,4.0
flip_flop,SA95,200,300,6,303,105.0,1.0
flip_flop,SA95,200,500,5,503,104.0,3.0
flip_flop,SA95,200,300,1,303,98.0,2.0
flip_flop,SA95,200,400,2,403,109.0,4.0
flip_flop,SA95,200,400,5,403,95.0,3.0
flip_flop,SA95,200,600,9,603,96.0,8.0
flip_flop,SA95,200,150,7,153,99.0,0.0
flip_flop,SA95,200,300,5,303,97.0,1.0
flip_flop,SA95,200,500,2,503,90.0,2.0
flip_flop,SA95,200,700,0,703,98.0,4.0
flip_flop,SA95,200,300,9,303,97.0,1.0
flip_flop,SA95,200,300,7,303,100.0,1.0
flip_flop,SA95,200,600,6,603,103.0,3.0
flip_flop,SA95,200,400,3,403,93.0,1.0
flip_flop,SA75,200,2500,1,2503,173.0,278.0
flip_flop,SA95,200,300,3,303,100.0,1.0
flip_flop,SA75,200,2000,2,2003,171.0,245.0
flip_flop,SA95,200,300,8,303,106.0,1.0
flip_flop,SA95,200,400,4,403,80.0,2.0
flip_flop,SA75,200,2500,8,2503,181.0,239.0
flip_flop,SA95,200,300,2,303,101.0,1.0
flip_flop,SA75,200,2500,3,2503,181.0,287.0
flip_flop,SA95,200,300,4,303,92.0,1.0
flip_flop,SA95,200,400,1,403,101.0,1.0
flip_flop,SA75,200,2500,7,2503,174.0,302.0
flip_flop,SA95,200,400,0,403,99.0,1.0
flip_flop,SA95,200,500,1,503,81.0,2.0
flip_flop,SA95,200,900,5,903,91.0,9.0
flip_flop,SA95,200,700,1,703,97.0,8.0
flip_flop,SA95,200,900,7,903,105.0,18.0
flip_flop,SA95,200,700,5,703,97.0,4.0
flip_flop,SA95,200,800,4,803,95.0,15.0
flip_flop,SA95,200,800,3,803,105.0,11.0
flip_flop,SA95,200,900,0,903,91.0,19.0
flip_flop,SA95,200,700,9,703,106.0,13.0
flip_flop,SA95,200,800,5,803,110.0,9.0
flip_flop,SA95,200,900,3,903,89.0,16.0
flip_flop,SA95,200,700,2,703,77.0,24.0
flip_flop,SA95,200,700,4,703,96.0,12.0
flip_flop,SA95,200,900,6,903,99.0,17.0
flip_flop,SA95,200,800,7,803,108.0,14.0
flip_flop,SA95,200,900,2,903,107.0,19.0
flip_flop,SA95,200,900,4,903,109.0,28.0
flip_flop,SA95,200,700,7,703,94.0,11.0
flip_flop,SA95,200,800,2,803,101.0,6.0
flip_flop,SA95,200,800,8,803,102.0,14.0
flip_flop,SA95,200,800,1,803,105.0,18.0
flip_flop,SA95,200,700,8,703,95.0,15.0
flip_flop,SA95,200,800,6,803,88.0,11.0
flip_flop,SA95,200,900,8,903,102.0,11.0
flip_flop,SA95,200,700,3,703,111.0,3.0
flip_flop,SA95,200,700,6,703,82.0,4.0
flip_flop,SA95,200,1000,6,1003,113.0,21.0
flip_flop,SA95,200,1000,2,1003,91.0,14.0
flip_flop,SA95,200,2500,9,2503,167.0,44.0
flip_flop,SA95,200,1000,5,1003,105.0,25.0
flip_flop,SA95,200,800,0,803,94.0,10.0
flip_flop,SA95,200,800,9,803,100.0,9.0
flip_flop,SA95,200,2500,5,2503,156.0,84.0
flip_flop,GALowPop,200,1,6,255,111.0,110.0
flip_flop,GALowPop,200,1,1,256,119.0,73.0
flip_flop,GALowPop,200,1,4,256,116.0,1.0
flip_flop,GALowPop,200,1,0,257,114.0,73.0
flip_flop,GALowPop,200,1,3,258,112.0,1.0
flip_flop,GALowPop,200,1,8,253,109.0,88.0
flip_flop,GALowPop,200,50,7,4039,125.0,52.0
flip_flop,GALowPop,200,50,6,4052,122.0,19.0
flip_flop,GALowPop,200,1,2,255,114.0,1.0
flip_flop,GALowPop,200,50,9,4070,128.0,62.0
flip_flop,GALowPop,200,50,5,4056,125.0,58.0
flip_flop,SA95,200,900,9,903,83.0,9.0
flip_flop,GALowPop,200,50,4,4046,131.0,67.0
flip_flop,GALowPop,200,50,2,4058,127.0,53.0
flip_flop,SA95,200,1000,3,1003,96.0,19.0
flip_flop,GALowPop,200,50,0,4052,121.0,95.0
flip_flop,SA95,200,1000,4,1003,94.0,32.0
flip_flop,SA95,200,1000,8,1003,109.0,15.0
flip_flop,GALowPop,200,100,1,7922,131.0,69.0
flip_flop,GALowPop,200,50,1,4053,128.0,65.0
flip_flop,GALowPop,200,50,3,4060,135.0,69.0
flip_flop,GALowPop,200,100,0,7905,134.0,78.0
flip_flop,GALowPop,200,100,2,7920,135.0,55.0
flip_flop,SA95,200,2000,5,2003,156.0,64.0
flip_flop,SA95,200,1000,1,1003,107.0,52.0
flip_flop,GALowPop,200,1,5,257,117.0,3.0
flip_flop,GALowPop,200,1,7,257,122.0,2.0
flip_flop,SA95,200,1000,7,1003,97.0,155.0
flip_flop,GALowPop,200,1,9,258,123.0,9.0
flip_flop,SA95,200,1000,0,1003,95.0,33.0
flip_flop,SA95,200,900,1,903,100.0,166.0
flip_flop,GALowPop,200,100,7,7914,133.0,44.0
flip_flop,SA95,200,1000,9,1003,106.0,159.0
flip_flop,GALowPop,200,100,9,7938,129.0,36.0
flip_flop,GALowPop,200,100,6,7920,138.0,84.0
flip_flop,SA95,200,2500,1,2503,169.0,104.0
flip_flop,GALowPop,200,50,8,4067,126.0,31.0
flip_flop,SA95,200,2000,3,2003,145.0,274.0
flip_flop,SA95,200,2500,4,2503,174.0,342.0
flip_flop,GALowPop,200,100,3,7934,132.0,359.0
flip_flop,GALowPop,200,100,5,7908,130.0,328.0
flip_flop,SA95,200,2000,9,2003,155.0,328.0
flip_flop,SA95,200,2000,6,2003,158.0,341.0
flip_flop,SA95,200,2000,4,2003,156.0,362.0
flip_flop,SA95,200,2500,3,2503,162.0,540.0
flip_flop,SA95,200,2500,7,2503,171.0,467.0
flip_flop,SA95,200,2000,0,2003,152.0,492.0
flip_flop,SA95,200,2500,2,2503,168.0,560.0
flip_flop,SA95,200,2000,1,2003,153.0,750.0
flip_flop,SA95,200,2500,8,2503,167.0,763.0
flip_flop,GALowPop,200,300,2,23391,137.0,495.0
flip_flop,GALowPop,200,400,5,31152,139.0,536.0
flip_flop,GALowPop,200,100,4,7921,132.0,703.0
flip_flop,SA95,200,2000,7,2003,150.0,665.0
flip_flop,SA95,200,2000,2,2003,162.0,777.0
flip_flop,GALowPop,200,150,1,11780,132.0,622.0
flip_flop,GALowPop,200,300,3,23368,141.0,515.0
flip_flop,SA95,200,2000,8,2003,145.0,824.0
flip_flop,SA95,200,2500,0,2503,171.0,726.0
flip_flop,GALowPop,200,200,5,15662,135.0,592.0
flip_flop,GALowPop,200,150,0,11789,142.0,748.0
flip_flop,GALowPop,200,150,5,11816,139.0,580.0
flip_flop,GALowPop,200,150,6,11795,135.0,594.0
flip_flop,GALowPop,200,150,4,11794,134.0,586.0
flip_flop,GALowPop,200,150,3,11777,142.0,607.0
flip_flop,GALowPop,200,200,6,15618,137.0,723.0
flip_flop,GALowPop,200,200,9,15670,130.0,730.0
flip_flop,GALowPop,200,400,7,31155,146.0,808.0
flip_flop,SA95,200,2500,6,2503,165.0,925.0
flip_flop,GALowPop,200,150,2,11796,135.0,869.0
flip_flop,GALowPop,200,150,7,11814,137.0,752.0
flip_flop,GALowPop,200,400,9,31145,143.0,867.0
flip_flop,GALowPop,200,500,6,38892,132.0,837.0
flip_flop,GALowPop,200,100,8,7921,137.0,960.0
flip_flop,GALowPop,200,400,8,31152,144.0,872.0
flip_flop,GALowPop,200,900,0,69830,144.0,679.0
flip_flop,GALowPop,200,200,7,15624,135.0,838.0
flip_flop,GALowPop,200,150,9,11782,130.0,874.0
flip_flop,GALowPop,200,800,8,62064,147.0,768.0
flip_flop,GALowPop,200,200,3,15642,134.0,936.0
flip_flop,GAHighPop,200,1,1,1441,120.0,13.0
flip_flop,GAHighPop,200,1,2,1447,119.0,16.0
flip_flop,GALowPop,200,150,8,11811,130.0,1042.0
flip_flop,GAHighPop,200,1,3,1437,121.0,85.0
flip_flop,GAHighPop,200,1,4,1441,120.0,122.0
flip_flop,GALowPop,200,400,4,31170,144.0,1214.0
flip_flop,GALowPop,200,500,0,38840,147.0,1263.0
flip_flop,GALowPop,200,200,4,15642,124.0,1203.0
flip_flop,GALowPop,200,400,6,31158,133.0,1305.0
flip_flop,GALowPop,200,200,0,15664,136.0,1217.0
flip_flop,GALowPop,200,500,5,38900,147.0,1445.0
flip_flop,GALowPop,200,300,5,23380,143.0,1432.0
flip_flop,GALowPop,200,600,5,46616,136.0,1218.0
flip_flop,GALowPop,200,700,0,54399,143.0,1254.0
flip_flop,GALowPop,200,600,9,46615,145.0,1262.0
flip_flop,GALowPop,200,600,6,46646,146.0,1337.0
flip_flop,GAHighPop,200,50,7,21989,134.0,268.0
flip_flop,GALowPop,200,700,4,54346,143.0,1427.0
flip_flop,GAHighPop,200,1,6,1434,125.0,684.0
flip_flop,GAHighPop,200,1,0,1439,120.0,692.0
flip_flop,GALowPop,200,300,9,23411,138.0,1726.0
flip_flop,GALowPop,200,200,8,15652,138.0,1736.0
flip_flop,GALowPop,200,300,1,23391,138.0,1770.0
flip_flop,GALowPop,200,500,4,38855,141.0,1842.0
flip_flop,GALowPop,200,200,1,15628,143.0,1761.0
flip_flop,GALowPop,200,300,6,23403,129.0,1998.0
flip_flop,GAHighPop,200,1,7,1442,123.0,973.0
flip_flop,GALowPop,200,200,2,15650,126.0,1990.0
flip_flop,GALowPop,200,900,9,69842,153.0,1387.0
flip_flop,GAHighPop,200,50,2,21899,136.0,928.0
flip_flop,GALowPop,200,300,7,23378,141.0,2069.0
flip_flop,GAHighPop,200,1,5,1436,120.0,1023.0
flip_flop,GALowPop,200,500,8,38885,145.0,2076.0
flip_flop,GALowPop,200,400,1,31161,135.0,2095.0
flip_flop,GAHighPop,200,1,9,1442,126.0,1058.0
flip_flop,GALowPop,200,300,8,23403,146.0,2138.0
flip_flop,GALowPop,200,300,0,23370,139.0,2137.0
flip_flop,GAHighPop,200,1,8,1451,117.0,1156.0
flip_flop,GALowPop,200,500,2,38898,151.0,2962.0
flip_flop,GALowPop,200,500,3,38887,140.0,2938.0
flip_flop,GALowPop,200,400,2,31105,148.0,2978.0
flip_flop,GALowPop,200,1000,8,77525,156.0,2397.0
flip_flop,GALowPop,200,700,9,54376,146.0,3086.0
flip_flop,GALowPop,200,300,4,23360,142.0,3322.0
flip_flop,GALowPop,200,500,7,38876,136.0,3340.0
flip_flop,GAHighPop,200,50,9,21974,137.0,1861.0
flip_flop,GALowPop,200,600,4,46630,140.0,3069.0
flip_flop,GALowPop,200,500,9,38883,143.0,3385.0
flip_flop,GALowPop,200,400,3,31127,128.0,3433.0
flip_flop,GALowPop,200,600,7,46634,139.0,3151.0
flip_flop,GALowPop,200,800,1,62121,146.0,3373.0
flip_flop,GALowPop,200,800,6,62114,144.0,3432.0
flip_flop,GALowPop,200,600,8,46629,147.0,3426.0
flip_flop,GALowPop,200,800,7,62140,157.0,3515.0
flip_flop,GAHighPop,200,50,5,21933,138.0,2524.0
flip_flop,GAHighPop,200,50,3,21986,137.0,2663.0
flip_flop,GALowPop,200,400,0,31116,142.0,3903.0
flip_flop,GALowPop,200,800,4,62111,145.0,3732.0
flip_flop,GALowPop,200,1000,3,77527,149.0,3534.0
flip_flop,GAHighPop,200,200,6,84737,161.0,1794.0
flip_flop,GAHighPop,200,100,3,42902,148.0,2623.0
flip_flop,GAHighPop,200,200,2,84796,163.0,1928.0
flip_flop,GAHighPop,200,100,8,42894,147.0,2617.0
flip_flop,GALowPop,200,900,5,69857,149.0,3563.0
flip_flop,GALowPop,200,900,4,69804,147.0,3587.0
flip_flop,GALowPop,200,500,1,38866,134.0,4347.0
flip_flop,GALowPop,200,600,3,46608,141.0,4066.0
flip_flop,GALowPop,200,900,3,69841,150.0,3819.0
flip_flop,GALowPop,200,600,1,46588,147.0,4373.0
flip_flop,GAHighPop,200,50,8,21983,140.0,3135.0
flip_flop,GAHighPop,200,200,4,84746,162.0,2391.0
flip_flop,GALowPop,200,600,0,46643,144.0,4757.0
flip_flop,GALowPop,200,700,7,54388,143.0,4545.0
flip_flop,GAHighPop,200,100,0,42924,143.0,3354.0
flip_flop,GALowPop,200,700,3,54342,159.0,4621.0
flip_flop,GALowPop,200,1000,1,77606,151.0,4288.0
flip_flop,GALowPop,200,2000,6,155010,140.0,4080.0
flip_flop,GALowPop,200,1000,4,77541,147.0,4383.0
flip_flop,GAHighPop,200,100,2,42960,148.0,3499.0
flip_flop,GAHighPop,200,50,1,21986,132.0,3893.0
flip_flop,GAHighPop,200,100,7,42920,145.0,3557.0
flip_flop,GALowPop,200,800,2,62041,145.0,4999.0
flip_flop,GALowPop,200,1000,5,77531,144.0,4705.0
flip_flop,GALowPop,200,700,8,54319,143.0,5099.0
flip_flop,GALowPop,200,700,5,54395,142.0,5127.0
flip_flop,GAHighPop,200,200,5,84930,155.0,3140.0
flip_flop,GAHighPop,200,50,0,22028,134.0,4347.0
flip_flop,GAHighPop,200,150,8,63892,156.0,3265.0
flip_flop,GALowPop,200,1000,7,77602,153.0,4965.0
flip_flop,GAHighPop,200,50,6,21977,136.0,3583.0
flip_flop,GALowPop,200,700,1,54302,147.0,5333.0
flip_flop,GALowPop,200,700,2,54322,148.0,5345.0
flip_flop,GAHighPop,200,50,4,21986,141.0,4447.0
flip_flop,GALowPop,200,600,2,46611,137.0,5261.0
flip_flop,GALowPop,200,800,0,62106,151.0,5671.0
flip_flop,GALowPop,200,800,3,62099,142.0,5699.0
flip_flop,GAHighPop,200,100,9,42896,149.0,4439.0
flip_flop,GALowPop,200,800,5,62071,148.0,5913.0
flip_flop,GALowPop,200,700,6,54376,143.0,6078.0
flip_flop,GAHighPop,200,150,0,63802,151.0,4770.0
flip_flop,GAHighPop,200,100,4,42965,144.0,4855.0
flip_flop,GAHighPop,200,150,1,63909,158.0,4786.0
flip_flop,GALowPop,200,900,1,69806,153.0,6033.0
flip_flop,GALowPop,200,800,9,62045,143.0,6464.0
flip_flop,GAHighPop,200,200,9,84800,159.0,4365.0
flip_flop,GALowPop,200,1000,0,77591,145.0,6128.0
flip_flop,GALowPop,200,1000,2,77542,150.0,6144.0
flip_flop,GAHighPop,200,100,1,42933,144.0,5346.0
flip_flop,GAHighPop,200,150,4,63855,153.0,5183.0
flip_flop,GAHighPop,200,200,7,84832,158.0,4663.0
flip_flop,GALowPop,200,900,2,69805,145.0,6475.0
flip_flop,GALowPop,200,900,6,69850,147.0,6531.0
flip_flop,GALowPop,200,2000,3,154936,153.0,6864.0
flip_flop,GALowPop,200,900,8,69852,152.0,6873.0
flip_flop,GAHighPop,200,100,5,42963,153.0,6033.0
flip_flop,GALowPop,200,1000,6,77583,142.0,7408.0
flip_flop,GALowPop,200,2000,7,154913,152.0,7163.0
flip_flop,GAHighPop,200,100,6,42926,153.0,6813.0
flip_flop,GAHighPop,200,300,2,126709,161.0,6137.0
flip_flop,GALowPop,200,2500,9,193641,147.0,7713.0
flip_flop,GALowPop,200,1000,9,77526,149.0,8016.0
flip_flop,GAHighPop,200,150,7,63871,149.0,5782.0
flip_flop,GAHighPop,200,150,2,63891,148.0,7102.0
flip_flop,GAHighPop,200,200,0,84783,160.0,6480.0
flip_flop,GAHighPop,200,150,9,63907,153.0,6140.0
flip_flop,GALowPop,200,900,7,69846,149.0,8674.0
flip_flop,GAHighPop,200,200,1,84943,163.0,7041.0
flip_flop,GAHighPop,200,300,7,126737,158.0,7125.0
flip_flop,GAHighPop,200,150,5,63925,149.0,8032.0
flip_flop,GAHighPop,200,200,3,84775,162.0,7623.0
flip_flop,GALowPop,200,2000,4,154986,159.0,9188.0
flip_flop,GAHighPop,200,200,8,84819,162.0,7846.0
flip_flop,GALowPop,200,2000,8,154945,155.0,9380.0
flip_flop,GALowPop,200,2500,7,193666,150.0,10019.0
flip_flop,GALowPop,200,2500,2,193723,147.0,10137.0
flip_flop,GALowPop,200,2000,0,155062,158.0,10649.0
flip_flop,GAHighPop,200,150,6,63904,153.0,8628.0
flip_flop,GAHighPop,200,300,5,126765,169.0,9144.0
flip_flop,MIMIC200,200,1,6,601,122.0,2953.0
flip_flop,GALowPop,200,2500,4,193608,151.0,11021.0
flip_flop,GALowPop,200,2000,9,154837,151.0,11315.0
flip_flop,GAHighPop,200,150,3,63829,151.0,10836.0
flip_flop,GALowPop,200,2000,2,155040,139.0,11968.0
flip_flop,MIMIC200,200,1,8,601,128.0,4775.0
flip_flop,GAHighPop,200,300,6,126781,163.0,10513.0
flip_flop,GAHighPop,200,300,4,126684,168.0,10759.0
flip_flop,GAHighPop,200,400,8,168750,171.0,10641.0
flip_flop,MIMIC200,200,1,4,601,127.0,5575.0
flip_flop,GALowPop,200,2500,3,193719,149.0,12438.0
flip_flop,GALowPop,200,2500,6,193614,162.0,12572.0
flip_flop,GAHighPop,200,400,4,168851,169.0,10997.0
flip_flop,GALowPop,200,2000,1,154998,148.0,12974.0
flip_flop,MIMIC200,200,1,5,601,127.0,5740.0
flip_flop,GALowPop,200,2500,5,193657,153.0,12852.0
flip_flop,GAHighPop,200,300,1,126807,163.0,11506.0
flip_flop,MIMIC200,200,1,2,601,123.0,6652.0
flip_flop,GAHighPop,200,300,3,126768,166.0,11930.0
flip_flop,GAHighPop,200,300,9,126851,164.0,12062.0
flip_flop,GALowPop,200,2500,1,193629,148.0,13885.0
flip_flop,GAHighPop,200,300,8,126771,162.0,12582.0
flip_flop,MIMIC200,200,1,1,601,125.0,7513.0
flip_flop,MIMIC200,200,1,0,601,118.0,7329.0
flip_flop,MIMIC200,200,1,3,601,117.0,7692.0
flip_flop,GAHighPop,200,400,7,168621,170.0,13897.0
flip_flop,MIMIC200,200,1,7,601,123.0,7618.0
flip_flop,GAHighPop,200,400,3,168714,171.0,14136.0
flip_flop,GALowPop,200,2000,5,155000,149.0,15756.0
flip_flop,GALowPop,200,2500,0,193644,159.0,15874.0
flip_flop,GALowPop,200,2500,8,193683,156.0,16385.0
flip_flop,GAHighPop,200,500,5,210504,175.0,14903.0
flip_flop,MIMIC200,200,1,9,601,123.0,8942.0
flip_flop,GAHighPop,200,600,7,252325,176.0,15093.0
flip_flop,GAHighPop,200,400,1,168678,167.0,16066.0
flip_flop,GAHighPop,200,500,9,210688,172.0,16452.0
flip_flop,GAHighPop,200,500,6,210353,173.0,16951.0
flip_flop,GAHighPop,200,500,7,210595,172.0,16961.0
flip_flop,GAHighPop,200,400,9,168735,166.0,17274.0
flip_flop,GAHighPop,200,300,0,126772,162.0,17523.0
flip_flop,GAHighPop,200,400,2,168632,179.0,17585.0
flip_flop,GAHighPop,200,500,8,210781,178.0,17818.0
flip_flop,GAHighPop,200,600,4,252539,173.0,18118.0
flip_flop,GAHighPop,200,500,1,210586,174.0,18750.0
flip_flop,GAHighPop,200,400,5,168599,168.0,19038.0
flip_flop,GAHighPop,200,400,6,168627,172.0,19078.0
flip_flop,GAHighPop,200,500,2,210581,170.0,19038.0
flip_flop,GAHighPop,200,400,0,168697,173.0,19508.0
flip_flop,GAHighPop,200,500,0,210625,168.0,20249.0
flip_flop,GAHighPop,200,600,1,252234,176.0,20291.0
flip_flop,GAHighPop,200,500,3,210420,172.0,20528.0
flip_flop,GAHighPop,200,500,4,210433,176.0,20878.0
flip_flop,MIMIC50,200,1,3,151,130.0,1146.0
flip_flop,GAHighPop,200,700,7,294210,176.0,19442.0
flip_flop,MIMIC50,200,1,8,151,127.0,1315.0
flip_flop,GAHighPop,200,700,1,294193,178.0,21646.0
flip_flop,GAHighPop,200,600,0,252429,172.0,22497.0
flip_flop,MIMIC50,200,1,1,151,117.0,3087.0
flip_flop,GAHighPop,200,700,3,294407,174.0,21552.0
flip_flop,MIMIC50,200,1,4,151,130.0,3189.0
flip_flop,GAHighPop,200,600,8,252526,175.0,23076.0
flip_flop,MIMIC50,200,1,0,151,121.0,3756.0
flip_flop,MIMIC50,200,1,6,151,119.0,4009.0
flip_flop,MIMIC50,200,1,7,151,115.0,4101.0
flip_flop,MIMIC50,200,1,2,151,123.0,4864.0
flip_flop,MIMIC50,200,1,5,151,118.0,4464.0
flip_flop,MIMIC50,200,1,9,151,120.0,4816.0
flip_flop,GAHighPop,200,700,2,294577,174.0,25027.0
flip_flop,GAHighPop,200,700,8,294126,178.0,23487.0
flip_flop,GAHighPop,200,600,6,252496,174.0,26987.0
flip_flop,GAHighPop,200,700,9,294275,179.0,24921.0
flip_flop,GAHighPop,200,600,2,252467,171.0,27965.0
flip_flop,GAHighPop,200,700,4,294470,177.0,26942.0
flip_flop,GAHighPop,200,600,3,252469,178.0,28688.0
flip_flop,GAHighPop,200,800,7,336308,174.0,27217.0
flip_flop,GAHighPop,200,800,6,336193,173.0,28294.0
flip_flop,GAHighPop,200,600,9,252416,175.0,30743.0
flip_flop,GAHighPop,200,600,5,252491,175.0,31123.0
flip_flop,GAHighPop,200,800,2,336158,169.0,28852.0
flip_flop,GAHighPop,200,700,6,294306,179.0,32099.0
flip_flop,GAHighPop,200,900,7,378180,176.0,30020.0
flip_flop,GAHighPop,200,800,1,336385,177.0,32818.0
flip_flop,GAHighPop,200,700,0,294291,176.0,35238.0
flip_flop,GAHighPop,200,800,3,336221,173.0,33010.0
flip_flop,GAHighPop,200,900,8,378228,178.0,33293.0
flip_flop,GAHighPop,200,900,0,378187,179.0,35723.0
flip_flop,GAHighPop,200,800,9,336380,176.0,36670.0
flip_flop,GAHighPop,200,700,5,294315,179.0,38953.0
flip_flop,GAHighPop,200,1000,9,420088,176.0,37493.0
flip_flop,GAHighPop,200,900,3,377917,175.0,38783.0
flip_flop,GAHighPop,200,800,4,336296,176.0,39714.0
flip_flop,GAHighPop,200,900,5,378231,175.0,42007.0
flip_flop,GAHighPop,200,1000,8,419940,176.0,41561.0
flip_flop,GAHighPop,200,1000,5,420118,181.0,41984.0
flip_flop,GAHighPop,200,1000,6,420047,179.0,42599.0
flip_flop,GAHighPop,200,900,9,378266,179.0,44473.0
flip_flop,GAHighPop,200,900,2,378128,181.0,45010.0
flip_flop,GAHighPop,200,900,4,378308,182.0,45322.0
flip_flop,GAHighPop,200,900,1,378144,183.0,45566.0
flip_flop,GAHighPop,200,800,5,336295,175.0,47020.0
flip_flop,GAHighPop,200,900,6,378350,178.0,46504.0
flip_flop,GAHighPop,200,800,8,336286,181.0,47726.0
flip_flop,GAHighPop,200,800,0,336344,180.0,48828.0
flip_flop,MIMIC50,200,50,6,2601,165.0,33421.0
flip_flop,GAHighPop,200,1000,1,420132,172.0,51543.0
flip_flop,GAHighPop,200,1000,2,420215,176.0,53123.0
flip_flop,GAHighPop,200,1000,0,420008,174.0,54010.0
flip_flop,GAHighPop,200,1000,4,420074,178.0,55606.0
flip_flop,MIMIC200,200,50,9,10401,166.0,54054.0
flip_flop,MIMIC50,200,50,1,2601,159.0,39814.0
flip_flop,GAHighPop,200,1000,7,419931,177.0,56388.0
flip_flop,MIMIC50,200,50,4,2601,159.0,40419.0
flip_flop,MIMIC200,200,50,5,10401,171.0,55989.0
flip_flop,MIMIC200,200,50,8,10401,173.0,56030.0
flip_flop,MIMIC50,200,50,3,2601,161.0,45139.0
flip_flop,GAHighPop,200,1000,3,420076,182.0,61944.0
flip_flop,MIMIC50,200,50,8,2601,155.0,45755.0
flip_flop,MIMIC50,200,50,7,2601,162.0,49863.0
flip_flop,MIMIC200,200,50,0,10401,159.0,66455.0
flip_flop,MIMIC50,200,50,0,2601,158.0,53653.0
flip_flop,MIMIC200,200,50,4,10401,162.0,70450.0
flip_flop,MIMIC50,200,50,9,2601,159.0,56297.0
flip_flop,MIMIC50,200,50,5,2601,154.0,56265.0
flip_flop,MIMIC200,200,50,2,10401,162.0,74229.0
flip_flop,GAHighPop,200,2000,2,838999,180.0,77153.0
flip_flop,MIMIC50,200,50,2,2601,161.0,62266.0
flip_flop,MIMIC50,200,100,1,5101,165.0,61105.0
flip_flop,MIMIC200,200,50,6,10401,159.0,78298.0
flip_flop,MIMIC200,200,50,3,10401,165.0,79512.0
flip_flop,MIMIC200,200,50,7,10401,168.0,81643.0
flip_flop,MIMIC200,200,50,1,10401,164.0,82407.0
flip_flop,MIMIC50,200,100,4,5101,166.0,70406.0
flip_flop,GAHighPop,200,2000,8,838813,174.0,92939.0
flip_flop,GAHighPop,200,2000,9,839340,185.0,93255.0
flip_flop,GAHighPop,200,2000,5,839276,180.0,95310.0
flip_flop,GAHighPop,200,2000,7,839185,183.0,95415.0
flip_flop,GAHighPop,200,2000,0,839024,179.0,96813.0
flip_flop,GAHighPop,200,2000,3,839320,182.0,97643.0
flip_flop,GAHighPop,200,2000,4,839367,179.0,98427.0
flip_flop,MIMIC50,200,100,7,5101,170.0,81170.0
flip_flop,MIMIC50,200,100,9,5101,166.0,81324.0
flip_flop,MIMIC50,200,100,5,5101,168.0,81594.0
flip_flop,MIMIC50,200,100,0,5101,162.0,83503.0
flip_flop,GAHighPop,200,2000,1,839048,179.0,106897.0
flip_flop,GAHighPop,200,2000,6,839029,181.0,107590.0
flip_flop,MIMIC50,200,100,2,5101,164.0,89532.0
flip_flop,GAHighPop,200,2500,8,1048625,180.0,108298.0
flip_flop,MIMIC50,200,100,6,5101,166.0,89320.0
flip_flop,MIMIC50,200,100,3,5101,163.0,89823.0
flip_flop,GAHighPop,200,2500,3,1048488,183.0,109559.0
flip_flop,GAHighPop,200,2500,4,1048405,183.0,114117.0
flip_flop,MIMIC50,200,100,8,5101,168.0,94924.0
flip_flop,MIMIC200,200,100,3,20401,170.0,112382.0
flip_flop,MIMIC50,200,150,3,7601,169.0,94940.0
flip_flop,GAHighPop,200,2500,7,1048657,177.0,119475.0
flip_flop,MIMIC50,200,150,1,7601,167.0,98767.0
flip_flop,MIMIC200,200,100,6,20401,168.0,117401.0
flip_flop,GAHighPop,200,2500,1,1048712,180.0,121217.0
flip_flop,MIMIC200,200,100,1,20401,168.0,120948.0
flip_flop,MIMIC50,200,200,1,10101,169.0,102770.0
flip_flop,MIMIC200,200,100,4,20401,177.0,122499.0
flip_flop,GAHighPop,200,2500,5,1048721,181.0,126258.0
flip_flop,MIMIC50,200,150,7,7601,167.0,106349.0
flip_flop,GAHighPop,200,2500,0,1048887,183.0,129033.0
flip_flop,MIMIC200,200,100,0,20401,167.0,127672.0
flip_flop,MIMIC50,200,150,8,7601,160.0,110302.0
flip_flop,MIMIC200,200,100,8,20401,160.0,128074.0
flip_flop,MIMIC50,200,150,5,7601,170.0,112759.0
flip_flop,MIMIC50,200,150,4,7601,166.0,113373.0
flip_flop,MIMIC200,200,100,7,20401,167.0,130436.0
flip_flop,GAHighPop,200,2500,6,1048434,180.0,134898.0
flip_flop,GAHighPop,200,2500,9,1048521,180.0,134833.0
flip_flop,MIMIC50,200,150,6,7601,172.0,116863.0
flip_flop,MIMIC50,200,150,2,7601,169.0,117971.0
flip_flop,MIMIC50,200,200,6,10101,173.0,118613.0
flip_flop,MIMIC50,200,150,0,7601,172.0,120212.0
flip_flop,MIMIC200,200,100,9,20401,171.0,137053.0
flip_flop,MIMIC200,200,100,5,20401,172.0,140693.0
flip_flop,GAHighPop,200,2500,2,1048584,177.0,144285.0
flip_flop,MIMIC50,200,150,9,7601,169.0,123678.0
flip_flop,MIMIC200,200,100,2,20401,171.0,143262.0
flip_flop,MIMIC50,200,200,7,10101,170.0,130686.0
flip_flop,MIMIC200,200,150,8,30401,172.0,147694.0
flip_flop,MIMIC50,200,200,9,10101,168.0,133057.0
flip_flop,MIMIC50,200,200,0,10101,172.0,136061.0
flip_flop,MIMIC50,200,200,4,10101,174.0,139280.0
flip_flop,MIMIC50,200,200,8,10101,168.0,139713.0
flip_flop,MIMIC50,200,200,3,10101,166.0,140121.0
flip_flop,MIMIC200,200,150,0,30401,175.0,161115.0
flip_flop,MIMIC50,200,200,5,10101,173.0,145226.0
flip_flop,MIMIC200,200,150,6,30401,167.0,166205.0
flip_flop,MIMIC200,200,150,3,30401,175.0,167811.0
flip_flop,MIMIC50,200,200,2,10101,172.0,151234.0
flip_flop,MIMIC200,200,150,9,30401,169.0,168553.0
flip_flop,MIMIC200,200,150,7,30401,172.0,171712.0
flip_flop,MIMIC200,200,150,4,30401,171.0,172830.0
flip_flop,MIMIC200,200,150,2,30401,172.0,177135.0
flip_flop,MIMIC200,200,150,1,30401,166.0,179310.0
flip_flop,MIMIC50,200,300,3,15101,173.0,173497.0
flip_flop,MIMIC200,200,150,5,30401,169.0,190681.0
flip_flop,MIMIC50,200,300,5,15101,181.0,174732.0
flip_flop,MIMIC50,200,300,4,15101,168.0,179893.0
flip_flop,MIMIC50,200,300,7,15101,169.0,188218.0
flip_flop,MIMIC200,200,200,8,40401,174.0,207375.0
flip_flop,MIMIC200,200,200,2,40401,168.0,210477.0
flip_flop,MIMIC50,200,300,6,15101,172.0,195183.0
flip_flop,MIMIC50,200,300,2,15101,173.0,195425.0
flip_flop,MIMIC200,200,200,3,40401,170.0,214031.0
flip_flop,MIMIC200,200,200,1,40401,174.0,214776.0
flip_flop,MIMIC50,200,300,0,15101,178.0,200096.0
flip_flop,MIMIC50,200,300,8,15101,169.0,203020.0
flip_flop,MIMIC200,200,200,5,40401,175.0,219281.0
flip_flop,MIMIC200,200,200,4,40401,167.0,220067.0
flip_flop,MIMIC50,200,300,9,15101,179.0,203014.0
flip_flop,MIMIC200,200,200,6,40401,173.0,220502.0
flip_flop,MIMIC200,200,200,0,40401,170.0,221352.0
flip_flop,MIMIC200,200,200,9,40401,174.0,222795.0
flip_flop,MIMIC50,200,300,1,15101,173.0,207237.0
flip_flop,MIMIC200,200,200,7,40401,177.0,227947.0
flip_flop,MIMIC50,200,400,9,20101,173.0,231825.0
flip_flop,MIMIC50,200,400,1,20101,181.0,234693.0
flip_flop,MIMIC50,200,400,4,20101,175.0,236786.0
flip_flop,MIMIC50,200,400,7,20101,169.0,240804.0
flip_flop,MIMIC50,200,400,0,20101,172.0,243577.0
flip_flop,MIMIC50,200,400,8,20101,169.0,244713.0
flip_flop,MIMIC50,200,400,6,20101,172.0,249939.0
flip_flop,MIMIC50,200,400,5,20101,173.0,250536.0
flip_flop,MIMIC200,200,300,5,60401,176.0,272070.0
flip_flop,MIMIC200,200,300,8,60401,174.0,273416.0
flip_flop,MIMIC50,200,400,2,20101,175.0,259967.0
flip_flop,MIMIC50,200,500,0,25101,178.0,258256.0
flip_flop,MIMIC50,200,500,9,25101,171.0,257687.0
flip_flop,MIMIC50,200,400,3,20101,173.0,261723.0
flip_flop,MIMIC200,200,300,3,60401,179.0,281542.0
flip_flop,MIMIC50,200,500,1,25101,177.0,264567.0
flip_flop,MIMIC50,200,500,7,25101,173.0,271817.0
flip_flop,MIMIC200,200,300,9,60401,174.0,290767.0
flip_flop,MIMIC200,200,300,1,60401,180.0,291931.0
flip_flop,MIMIC200,200,300,2,60401,176.0,297178.0
flip_flop,MIMIC50,200,500,8,25101,170.0,279061.0
flip_flop,MIMIC50,200,500,2,25101,174.0,279532.0
flip_flop,MIMIC200,200,300,0,60401,178.0,301799.0
flip_flop,MIMIC200,200,300,6,60401,175.0,301737.0
flip_flop,MIMIC50,200,500,3,25101,177.0,283759.0
flip_flop,MIMIC200,200,300,4,60401,174.0,305311.0
flip_flop,MIMIC200,200,300,7,60401,174.0,306870.0
flip_flop,MIMIC50,200,500,4,25101,173.0,290488.0
flip_flop,MIMIC50,200,500,6,25101,171.0,293091.0
flip_flop,MIMIC50,200,500,5,25101,172.0,296158.0
flip_flop,MIMIC50,200,600,1,30101,178.0,296179.0
flip_flop,MIMIC50,200,600,5,30101,175.0,304552.0
flip_flop,MIMIC50,200,600,3,30101,175.0,314352.0
flip_flop,MIMIC50,200,600,9,30101,175.0,317146.0
flip_flop,MIMIC50,200,600,6,30101,168.0,317501.0
flip_flop,MIMIC200,200,400,1,80401,178.0,341382.0
flip_flop,MIMIC50,200,600,7,30101,177.0,324173.0
flip_flop,MIMIC50,200,600,0,30101,174.0,324864.0
flip_flop,MIMIC50,200,600,8,30101,166.0,326277.0
flip_flop,MIMIC200,200,400,9,80401,176.0,344279.0
flip_flop,MIMIC50,200,600,4,30101,176.0,328077.0
flip_flop,MIMIC200,200,400,0,80401,181.0,346272.0
flip_flop,MIMIC50,200,600,2,30101,178.0,330344.0
flip_flop,MIMIC200,200,400,8,80401,178.0,350229.0
flip_flop,MIMIC200,200,400,6,80401,178.0,350867.0
flip_flop,MIMIC200,200,400,7,80401,173.0,351226.0
flip_flop,MIMIC50,200,700,6,35101,171.0,335922.0
flip_flop,MIMIC200,200,400,3,80401,177.0,358908.0
flip_flop,MIMIC50,200,700,7,35101,171.0,341138.0
flip_flop,MIMIC50,200,700,0,35101,171.0,342004.0
flip_flop,MIMIC50,200,700,4,35101,180.0,342042.0
flip_flop,MIMIC50,200,700,1,35101,178.0,342862.0
flip_flop,MIMIC50,200,700,3,35101,183.0,345991.0
flip_flop,MIMIC50,200,700,9,35101,178.0,350726.0
flip_flop,MIMIC200,200,400,2,80401,175.0,369985.0
flip_flop,MIMIC200,200,400,4,80401,176.0,371375.0
flip_flop,MIMIC50,200,700,5,35101,174.0,355154.0
flip_flop,MIMIC50,200,700,2,35101,177.0,358524.0
flip_flop,MIMIC200,200,400,5,80401,177.0,377934.0
flip_flop,MIMIC50,200,700,8,35101,178.0,360572.0
flip_flop,MIMIC50,200,800,3,40101,175.0,362735.0
flip_flop,MIMIC50,200,800,1,40101,178.0,369888.0
flip_flop,MIMIC50,200,800,6,40101,179.0,370253.0
flip_flop,MIMIC50,200,800,9,40101,177.0,371969.0
flip_flop,MIMIC200,200,500,6,100401,181.0,393976.0
flip_flop,MIMIC50,200,800,5,40101,169.0,376901.0
flip_flop,MIMIC50,200,800,7,40101,174.0,378025.0
flip_flop,MIMIC50,200,800,2,40101,176.0,381508.0
flip_flop,MIMIC200,200,500,8,100401,180.0,399391.0
flip_flop,MIMIC50,200,800,8,40101,176.0,383223.0
flip_flop,MIMIC50,200,800,4,40101,175.0,384704.0
flip_flop,MIMIC200,200,500,3,100401,177.0,403316.0
flip_flop,MIMIC200,200,500,4,100401,177.0,404185.0
flip_flop,MIMIC200,200,500,7,100401,179.0,406332.0
flip_flop,MIMIC50,200,800,0,40101,170.0,390876.0
flip_flop,MIMIC200,200,500,0,100401,180.0,409673.0
flip_flop,MIMIC200,200,500,1,100401,180.0,410701.0
flip_flop,MIMIC50,200,900,9,45101,176.0,393560.0
flip_flop,MIMIC200,200,500,5,100401,180.0,411838.0
flip_flop,MIMIC200,200,500,9,100401,175.0,410785.0
flip_flop,MIMIC50,200,900,8,45101,175.0,400327.0
flip_flop,MIMIC50,200,900,0,45101,175.0,402271.0
flip_flop,MIMIC50,200,900,5,45101,175.0,403569.0
flip_flop,MIMIC200,200,500,2,100401,184.0,422685.0
flip_flop,MIMIC50,200,900,1,45101,181.0,406025.0
flip_flop,MIMIC50,200,900,6,45101,178.0,408460.0
flip_flop,MIMIC50,200,900,4,45101,181.0,410141.0
flip_flop,MIMIC50,200,900,3,45101,175.0,410086.0
flip_flop,MIMIC50,200,1000,9,50101,179.0,412817.0
flip_flop,MIMIC50,200,900,2,45101,174.0,412779.0
flip_flop,MIMIC200,200,600,5,120401,173.0,435211.0
flip_flop,MIMIC50,200,900,7,45101,173.0,419821.0
flip_flop,MIMIC50,200,1000,8,50101,181.0,423597.0
flip_flop,MIMIC200,200,600,7,120401,171.0,439943.0
flip_flop,MIMIC200,200,600,9,120401,175.0,440198.0
flip_flop,MIMIC50,200,1000,2,50101,176.0,426533.0
flip_flop,MIMIC50,200,1000,6,50101,181.0,427930.0
flip_flop,MIMIC200,200,600,6,120401,173.0,445017.0
flip_flop,MIMIC200,200,600,2,120401,182.0,445131.0
flip_flop,MIMIC50,200,1000,5,50101,175.0,430301.0
flip_flop,MIMIC50,200,1000,0,50101,178.0,430972.0
flip_flop,MIMIC50,200,1000,4,50101,175.0,431083.0
flip_flop,MIMIC200,200,600,4,120401,179.0,449347.0
flip_flop,MIMIC50,200,1000,1,50101,181.0,433246.0
flip_flop,MIMIC200,200,600,1,120401,182.0,450670.0
flip_flop,MIMIC50,200,1000,3,50101,175.0,434657.0
flip_flop,MIMIC200,200,600,0,120401,179.0,451761.0
flip_flop,MIMIC200,200,600,8,120401,178.0,451741.0
flip_flop,MIMIC50,200,1000,7,50101,179.0,439190.0
flip_flop,MIMIC200,200,600,3,120401,182.0,456876.0
flip_flop,MIMIC200,200,700,3,140401,177.0,469610.0
flip_flop,MIMIC200,200,700,5,140401,178.0,472469.0
flip_flop,MIMIC200,200,700,9,140401,181.0,472511.0
flip_flop,MIMIC200,200,700,4,140401,177.0,476650.0
flip_flop,MIMIC200,200,700,6,140401,177.0,476334.0
flip_flop,MIMIC200,200,700,1,140401,174.0,478670.0
flip_flop,MIMIC200,200,700,0,140401,181.0,482548.0
flip_flop,MIMIC200,200,700,8,140401,178.0,486369.0
flip_flop,MIMIC200,200,700,7,140401,182.0,488264.0
flip_flop,MIMIC200,200,700,2,140401,172.0,491099.0
flip_flop,MIMIC200,200,800,4,160401,175.0,496177.0
flip_flop,MIMIC200,200,800,9,160401,178.0,496001.0
flip_flop,MIMIC200,200,800,1,160401,184.0,498833.0
flip_flop,MIMIC200,200,800,3,160401,186.0,502738.0
flip_flop,MIMIC200,200,800,0,160401,177.0,505003.0
flip_flop,MIMIC200,200,800,8,160401,177.0,503911.0
flip_flop,MIMIC200,200,800,6,160401,176.0,505997.0
flip_flop,MIMIC200,200,800,2,160401,182.0,509602.0
flip_flop,MIMIC200,200,800,5,160401,180.0,511551.0
flip_flop,MIMIC200,200,800,7,160401,180.0,513785.0
flip_flop,MIMIC200,200,900,2,180401,181.0,516928.0
flip_flop,MIMIC200,200,900,9,180401,176.0,525232.0
flip_flop,MIMIC200,200,900,4,180401,183.0,526075.0
flip_flop,MIMIC200,200,900,3,180401,183.0,527280.0
flip_flop,MIMIC200,200,900,5,180401,176.0,527951.0
flip_flop,MIMIC200,200,900,8,180401,182.0,528257.0
flip_flop,MIMIC200,200,900,6,180401,176.0,528435.0
flip_flop,MIMIC200,200,900,0,180401,180.0,530756.0
flip_flop,MIMIC200,200,900,1,180401,174.0,534028.0
flip_flop,MIMIC200,200,900,7,180401,182.0,534327.0
flip_flop,MIMIC200,200,1000,4,200401,187.0,543786.0
flip_flop,MIMIC200,200,1000,6,200401,187.0,544064.0
flip_flop,MIMIC200,200,1000,9,200401,180.0,544724.0
flip_flop,MIMIC200,200,1000,1,200401,181.0,545857.0
flip_flop,MIMIC200,200,1000,0,200401,178.0,547062.0
flip_flop,MIMIC200,200,1000,3,200401,181.0,547339.0
flip_flop,MIMIC200,200,1000,2,200401,178.0,548206.0
flip_flop,MIMIC200,200,1000,8,200401,179.0,548715.0
flip_flop,MIMIC200,200,1000,5,200401,180.0,549993.0
flip_flop,MIMIC200,200,1000,7,200401,181.0,554195.0
flip_flop,MIMIC50,200,2000,6,100101,173.0,552518.0
flip_flop,MIMIC50,200,2000,7,100101,181.0,553947.0
flip_flop,MIMIC50,200,2000,3,100101,173.0,555783.0
flip_flop,MIMIC50,200,2000,0,100101,172.0,558375.0
flip_flop,MIMIC50,200,2000,4,100101,175.0,560736.0
flip_flop,MIMIC50,200,2000,8,100101,175.0,559722.0
flip_flop,MIMIC50,200,2000,1,100101,178.0,561530.0
flip_flop,MIMIC50,200,2000,9,100101,183.0,559680.0
flip_flop,MIMIC50,200,2000,2,100101,183.0,563275.0
flip_flop,MIMIC50,200,2000,5,100101,182.0,563401.0
flip_flop,MIMIC50,200,2500,0,125101,172.0,585471.0
flip_flop,MIMIC50,200,2500,4,125101,179.0,586382.0
flip_flop,MIMIC50,200,2500,3,125101,185.0,587310.0
flip_flop,MIMIC50,200,2500,2,125101,183.0,588532.0
flip_flop,MIMIC50,200,2500,8,125101,174.0,588648.0
flip_flop,MIMIC50,200,2500,9,125101,181.0,589277.0
flip_flop,MIMIC50,200,2500,1,125101,180.0,592072.0
flip_flop,MIMIC50,200,2500,6,125101,175.0,591582.0
flip_flop,MIMIC50,200,2500,7,125101,177.0,592928.0
flip_flop,MIMIC50,200,2500,5,125101,179.0,593619.0
flip_flop,MIMIC200,200,2000,5,400401,186.0,648484.0
flip_flop,MIMIC200,200,2000,4,400401,185.0,649668.0
flip_flop,MIMIC200,200,2000,2,400401,182.0,651396.0
flip_flop,MIMIC200,200,2000,7,400401,184.0,650890.0
flip_flop,MIMIC200,200,2000,6,400401,185.0,653427.0
flip_flop,MIMIC200,200,2000,3,400401,186.0,654393.0
flip_flop,MIMIC200,200,2000,0,400401,181.0,656171.0
flip_flop,MIMIC200,200,2000,1,400401,186.0,656294.0
flip_flop,MIMIC200,200,2000,8,400401,177.0,654879.0
flip_flop,MIMIC200,200,2000,9,400401,187.0,655104.0
flip_flop,MIMIC200,200,2500,7,500401,184.0,672686.0
flip_flop,MIMIC200,200,2500,2,500401,181.0,673622.0
flip_flop,MIMIC200,200,2500,9,500401,185.0,673308.0
flip_flop,MIMIC200,200,2500,8,500401,187.0,673984.0
flip_flop,MIMIC200,200,2500,3,500401,181.0,675057.0
flip_flop,MIMIC200,200,2500,1,500401,182.0,674956.0
flip_flop,MIMIC200,200,2500,0,500401,182.0,674939.0
flip_flop,MIMIC200,200,2500,4,500401,183.0,675035.0
flip_flop,MIMIC200,200,2500,5,500401,191.0,674996.0
flip_flop,MIMIC200,200,2500,6,500401,182.0,675112.0
