four_peaks,RHC,100,2000,1,2003,10.0,837.0
four_peaks,SA55,100,1,8,4,2.0,245.0
four_peaks,SA55,100,1,4,4,0.0,164.0
four_peaks,RHC,100,1500,3,1503,28.0,569.0
four_peaks,SA55,100,1,3,4,1.0,152.0
four_peaks,SA55,100,1500,2,1503,16.0,171.0
four_peaks,RHC,100,1000,5,1003,11.0,205.0
four_peaks,SA55,100,1,6,4,4.0,207.0
four_peaks,RHC,100,500,4,503,7.0,342.0
four_peaks,RHC,100,1,4,4,0.0,145.0
four_peaks,RHC,100,1000,6,1003,15.0,237.0
four_peaks,RHC,100,1500,5,1503,17.0,670.0
four_peaks,SA55,100,500,4,503,2.0,236.0
four_peaks,RHC,100,1500,8,1503,33.0,609.0
four_peaks,RHC,100,2500,0,2503,21.0,646.0
four_peaks,RHC,100,2000,6,2003,16.0,634.0
four_peaks,RHC,100,1,2,4,6.0,16.0
four_peaks,RHC,100,1500,7,1503,23.0,615.0
four_peaks,RHC,100,1000,8,1003,34.0,213.0
four_peaks,RHC,100,500,3,503,11.0,156.0
four_peaks,RHC,100,1500,4,1503,6.0,288.0
four_peaks,SA55,100,1,7,4,2.0,244.0
four_peaks,SA55,100,1000,6,1003,11.0,148.0
four_peaks,RHC,100,2000,8,2003,22.0,431.0
four_peaks,RHC,100,1000,7,1003,8.0,239.0
four_peaks,SA55,100,500,9,503,11.0,488.0
four_peaks,RHC,100,2000,5,2003,24.0,725.0
four_peaks,RHC,100,1000,4,1003,11.0,208.0
four_peaks,RHC,100,1500,1,1503,5.0,540.0
four_peaks,SA55,100,1,2,4,1.0,143.0
four_peaks,SA55,100,1,5,4,1.0,155.0
four_peaks,RHC,100,500,1,503,13.0,355.0
four_peaks,RHC,100,2000,9,2003,22.0,836.0
four_peaks,RHC,100,2000,7,2003,29.0,371.0
four_peaks,RHC,100,1500,2,1503,5.0,301.0
four_peaks,RHC,100,1,9,4,1.0,15.0
four_peaks,RHC,100,1000,0,1003,8.0,340.0
four_peaks,RHC,100,1,3,4,2.0,33.0
four_peaks,SA55,100,1,9,4,3.0,253.0
four_peaks,RHC,100,500,9,503,3.0,104.0
four_peaks,RHC,100,2500,7,2503,24.0,743.0
four_peaks,RHC,100,1000,1,1003,11.0,415.0
four_peaks,SA55,100,1000,8,1003,9.0,163.0
four_peaks,RHC,100,1500,9,1503,26.0,254.0
four_peaks,SA55,100,1,0,4,1.0,96.0
four_peaks,RHC,100,1000,2,1003,17.0,152.0
four_peaks,RHC,100,2000,0,2003,16.0,277.0
four_peaks,SA55,100,1,1,4,2.0,163.0
four_peaks,RHC,100,1000,3,1003,7.0,211.0
four_peaks,SA55,100,500,6,503,5.0,117.0
four_peaks,RHC,100,500,8,503,4.0,321.0
four_peaks,RHC,100,500,6,503,6.0,81.0
four_peaks,SA55,100,500,8,503,3.0,132.0
four_peaks,RHC,100,1500,0,1503,23.0,305.0
four_peaks,RHC,100,1000,9,1003,14.0,517.0
four_peaks,RHC,100,1,6,4,1.0,34.0
four_peaks,RHC,100,500,5,503,17.0,93.0
four_peaks,RHC,100,1,1,4,0.0,314.0
four_peaks,RHC,100,1,5,4,1.0,16.0
four_peaks,RHC,100,1,0,4,1.0,13.0
four_peaks,RHC,100,1500,6,1503,15.0,761.0
four_peaks,RHC,100,500,7,503,6.0,59.0
four_peaks,RHC,100,500,2,503,4.0,106.0
four_peaks,RHC,100,1,8,4,0.0,15.0
four_peaks,SA55,100,1000,0,1003,13.0,299.0
four_peaks,RHC,100,500,0,503,10.0,165.0
four_peaks,SA55,100,1500,4,1503,12.0,79.0
four_peaks,SA55,100,500,1,503,12.0,146.0
four_peaks,SA55,100,1500,3,1503,23.0,222.0
four_peaks,RHC,100,1,7,4,7.0,10.0
four_peaks,SA55,100,1000,9,1003,10.0,542.0
four_peaks,SA55,100,1000,2,1003,7.0,280.0
four_peaks,RHC,100,3000,4,3003,40.0,996.0
four_peaks,RHC,100,3000,9,3003,32.0,1024.0
four_peaks,SA55,100,500,7,503,4.0,621.0
four_peaks,SA55,100,1000,4,1003,10.0,638.0
four_peaks,SA55,100,500,5,503,1.0,601.0
four_peaks,SA55,100,500,0,503,3.0,594.0
four_peaks,SA55,100,500,3,503,11.0,673.0
four_peaks,RHC,100,2000,4,2003,28.0,1128.0
four_peaks,SA55,100,2500,2,2503,19.0,143.0
four_peaks,RHC,100,2000,3,2003,27.0,1141.0
four_peaks,SA55,100,500,2,503,6.0,704.0
four_peaks,SA55,100,2000,3,2003,24.0,454.0
four_peaks,RHC,100,2000,2,2003,9.0,1181.0
four_peaks,SA55,100,2000,7,2003,120.0,368.0
four_peaks,SA55,100,1000,7,1003,15.0,741.0
four_peaks,SA55,100,1500,0,1503,18.0,809.0
four_peaks,RHC,100,2500,2,2503,36.0,997.0
four_peaks,SA55,100,2000,1,2003,26.0,177.0
four_peaks,SA55,100,2000,4,2003,131.0,535.0
four_peaks,SA55,100,1500,1,1503,19.0,961.0
four_peaks,SA75,100,1,0,4,1.0,0.0
four_peaks,SA55,100,1000,5,1003,9.0,962.0
four_peaks,SA55,100,1500,6,1503,18.0,733.0
four_peaks,RHC,100,3000,2,3003,41.0,1392.0
four_peaks,SA55,100,2500,3,2503,26.0,467.0
four_peaks,SA75,100,1,1,4,1.0,0.0
four_peaks,SA75,100,1,2,4,1.0,0.0
four_peaks,SA75,100,1,3,4,4.0,0.0
four_peaks,SA75,100,1,4,4,1.0,0.0
four_peaks,RHC,100,2500,3,2503,39.0,1527.0
four_peaks,RHC,100,3000,0,3003,40.0,1464.0
four_peaks,SA55,100,1500,8,1503,16.0,701.0
four_peaks,SA55,100,2500,5,2503,25.0,553.0
four_peaks,SA55,100,2500,0,2503,26.0,632.0
four_peaks,SA75,100,500,7,503,13.0,3.0
four_peaks,SA55,100,1000,1,1003,8.0,1221.0
four_peaks,SA75,100,500,8,503,12.0,14.0
four_peaks,SA75,100,500,9,503,8.0,20.0
four_peaks,RHC,100,3500,9,3503,32.0,1645.0
four_peaks,SA55,100,1500,5,1503,115.0,1102.0
four_peaks,SA55,100,2000,8,2003,14.0,915.0
four_peaks,RHC,100,2500,6,2503,24.0,1762.0
four_peaks,SA75,100,1000,6,1003,5.0,31.0
four_peaks,RHC,100,3000,3,3003,43.0,1772.0
four_peaks,SA55,100,1500,7,1503,23.0,906.0
four_peaks,RHC,100,3500,0,3503,38.0,1778.0
four_peaks,RHC,100,3000,8,3003,33.0,1794.0
four_peaks,SA75,100,1000,7,1003,15.0,39.0
four_peaks,SA75,100,1000,8,1003,6.0,31.0
four_peaks,SA75,100,1000,5,1003,14.0,39.0
four_peaks,SA75,100,1000,4,1003,6.0,33.0
four_peaks,RHC,100,3000,5,3003,42.0,1808.0
four_peaks,SA75,100,1000,3,1003,15.0,51.0
four_peaks,SA75,100,1000,1,1003,15.0,18.0
four_peaks,SA75,100,1000,0,1003,11.0,38.0
four_peaks,SA75,100,1000,2,1003,12.0,65.0
four_peaks,SA55,100,2000,6,2003,32.0,1135.0
four_peaks,SA55,100,1500,9,1503,22.0,680.0
four_peaks,SA55,100,1000,3,1003,10.0,1488.0
four_peaks,RHC,100,2500,9,2503,19.0,1959.0
four_peaks,SA75,100,500,5,503,10.0,21.0
four_peaks,SA55,100,2000,9,2003,24.0,1126.0
four_peaks,SA75,100,1000,9,1003,9.0,5.0
four_peaks,SA75,100,1500,1,1503,11.0,10.0
four_peaks,SA75,100,1500,0,1503,32.0,10.0
four_peaks,SA75,100,1500,3,1503,18.0,24.0
four_peaks,SA75,100,1500,2,1503,12.0,43.0
four_peaks,SA75,100,1500,4,1503,18.0,38.0
four_peaks,SA75,100,1500,6,1503,10.0,22.0
four_peaks,SA75,100,1500,5,1503,24.0,37.0
four_peaks,SA75,100,1500,7,1503,22.0,42.0
four_peaks,SA55,100,3500,8,3503,131.0,369.0
four_peaks,SA75,100,1500,8,1503,28.0,31.0
four_peaks,SA75,100,500,6,503,5.0,7.0
four_peaks,SA75,100,1500,9,1503,16.0,41.0
four_peaks,SA75,100,500,1,503,8.0,2.0
four_peaks,SA75,100,1,9,4,1.0,0.0
four_peaks,SA75,100,500,0,503,2.0,8.0
four_peaks,RHC,100,2500,1,2503,24.0,2159.0
four_peaks,SA55,100,2500,1,2503,136.0,378.0
four_peaks,SA75,100,1,7,4,4.0,0.0
four_peaks,SA75,100,1,6,4,1.0,0.0
four_peaks,SA75,100,1,5,4,2.0,0.0
four_peaks,SA75,100,1,8,4,1.0,0.0
four_peaks,SA55,100,2500,6,2503,21.0,1184.0
four_peaks,SA55,100,3500,4,3503,44.0,1022.0
four_peaks,RHC,100,2500,5,2503,31.0,2209.0
four_peaks,RHC,100,2500,4,2503,37.0,2309.0
four_peaks,RHC,100,2500,8,2503,29.0,2328.0
four_peaks,RHC,100,3500,1,3503,24.0,2328.0
four_peaks,SA55,100,2500,9,2503,32.0,1086.0
four_peaks,SA55,100,2500,4,2503,24.0,1368.0
four_peaks,SA55,100,2000,0,2003,37.0,1594.0
four_peaks,RHC,100,3500,7,3503,47.0,2441.0
four_peaks,SA55,100,3500,6,3503,25.0,1230.0
four_peaks,SA55,100,2500,8,2503,28.0,1217.0
four_peaks,RHC,100,3500,8,3503,35.0,2473.0
four_peaks,SA75,100,3000,0,3003,47.0,372.0
four_peaks,SA55,100,2000,2,2003,19.0,1632.0
four_peaks,SA75,100,500,3,503,2.0,587.0
four_peaks,SA75,100,500,4,503,7.0,615.0
four_peaks,RHC,100,3500,2,3503,18.0,2599.0
four_peaks,SA75,100,2000,4,2003,19.0,563.0
four_peaks,RHC,100,4000,6,4003,28.0,2500.0
four_peaks,SA75,100,2000,2,2003,24.0,590.0
four_peaks,SA55,100,2000,5,2003,28.0,1943.0
four_peaks,SA75,100,2000,9,2003,25.0,121.0
four_peaks,SA75,100,3000,2,3003,30.0,175.0
four_peaks,SA75,100,500,2,503,7.0,696.0
four_peaks,SA55,100,3000,9,3003,24.0,1469.0
four_peaks,SA75,100,2000,8,2003,27.0,201.0
four_peaks,SA75,100,2000,3,2003,20.0,694.0
four_peaks,SA75,100,2000,5,2003,39.0,691.0
four_peaks,SA55,100,3000,1,3003,27.0,1703.0
four_peaks,RHC,100,4000,2,4003,27.0,2778.0
four_peaks,SA55,100,3000,0,3003,51.0,1723.0
four_peaks,SA55,100,4000,3,4003,36.0,1303.0
four_peaks,SA75,100,3000,9,3003,29.0,184.0
four_peaks,RHC,100,4500,3,4503,50.0,3045.0
four_peaks,SA55,100,4000,9,4003,34.0,2097.0
four_peaks,RHC,100,4000,1,4003,84.0,3140.0
four_peaks,SA75,100,2500,8,2503,34.0,771.0
four_peaks,RHC,100,4500,8,4503,24.0,2753.0
four_peaks,SA55,100,3000,2,3003,24.0,1966.0
four_peaks,SA55,100,4500,3,4503,47.0,1684.0
four_peaks,SA75,100,2500,7,2503,20.0,748.0
four_peaks,RHC,100,3500,4,3503,26.0,3271.0
four_peaks,RHC,100,3500,6,3503,31.0,3271.0
four_peaks,SA55,100,2500,7,2503,23.0,1960.0
four_peaks,SA75,100,2000,0,2003,24.0,1327.0
four_peaks,SA55,100,3000,4,3003,32.0,2133.0
four_peaks,RHC,100,4000,7,4003,33.0,3239.0
four_peaks,SA75,100,2000,6,2003,35.0,1347.0
four_peaks,SA55,100,4000,7,4003,35.0,2345.0
four_peaks,SA55,100,4000,6,4003,45.0,1810.0
four_peaks,SA75,100,3500,0,3503,39.0,752.0
four_peaks,SA75,100,2500,6,2503,21.0,1117.0
four_peaks,SA75,100,2000,1,2003,15.0,1587.0
four_peaks,SA75,100,2500,5,2503,29.0,1175.0
four_peaks,SA75,100,2500,4,2503,36.0,1180.0
four_peaks,SA55,100,3000,7,3003,16.0,2460.0
four_peaks,SA75,100,2500,9,2503,19.0,1306.0
four_peaks,SA75,100,3500,3,3503,29.0,948.0
four_peaks,RHC,100,4500,5,4503,35.0,3509.0
four_peaks,SA75,100,3500,2,3503,40.0,1106.0
four_peaks,RHC,100,4000,0,4003,38.0,3863.0
four_peaks,SA75,100,3000,5,3003,23.0,1416.0
four_peaks,RHC,100,3000,6,3003,29.0,3990.0
four_peaks,SA75,100,3000,7,3003,32.0,1126.0
four_peaks,SA75,100,3500,7,3503,58.0,1342.0
four_peaks,RHC,100,3000,1,3003,43.0,4031.0
four_peaks,SA75,100,2000,7,2003,29.0,1444.0
four_peaks,SA75,100,3000,4,3003,133.0,1619.0
four_peaks,SA75,100,2500,2,2503,29.0,1567.0
four_peaks,SA55,100,4000,8,4003,46.0,3014.0
four_peaks,RHC,100,4000,4,4003,49.0,4045.0
four_peaks,RHC,100,3500,3,3503,23.0,4079.0
four_peaks,RHC,100,3500,5,3503,32.0,4194.0
four_peaks,SA75,100,2500,3,2503,23.0,1697.0
four_peaks,RHC,100,4000,3,4003,41.0,4056.0
four_peaks,SA75,100,4000,9,4003,37.0,1390.0
four_peaks,SA75,100,3500,5,3503,135.0,1417.0
four_peaks,SA75,100,2500,1,2503,21.0,1723.0
four_peaks,SA95,100,1,0,4,1.0,0.0
four_peaks,SA95,100,1,1,4,0.0,0.0
four_peaks,SA95,100,1,2,4,1.0,0.0
four_peaks,SA95,100,1,3,4,1.0,0.0
four_peaks,SA95,100,1,4,4,8.0,0.0
four_peaks,SA95,100,1,5,4,1.0,0.0
four_peaks,SA95,100,1,6,4,2.0,0.0
four_peaks,SA95,100,1,7,4,0.0,0.0
four_peaks,SA95,100,1,8,4,3.0,0.0
four_peaks,SA95,100,1,9,4,2.0,0.0
four_peaks,SA95,100,500,0,503,1.0,3.0
four_peaks,SA95,100,500,1,503,2.0,3.0
four_peaks,SA95,100,500,2,503,1.0,4.0
four_peaks,SA95,100,500,4,503,2.0,3.0
four_peaks,SA55,100,4500,0,4503,60.0,3227.0
four_peaks,SA95,100,1000,0,1003,3.0,22.0
four_peaks,SA55,100,4500,8,4503,56.0,2824.0
four_peaks,SA95,100,1000,4,1003,3.0,14.0
four_peaks,SA95,100,500,8,503,4.0,3.0
four_peaks,SA95,100,500,6,503,1.0,5.0
four_peaks,SA55,100,3500,9,3503,50.0,2712.0
four_peaks,SA95,100,500,5,503,0.0,101.0
four_peaks,SA95,100,500,3,503,2.0,3.0
four_peaks,SA95,100,500,7,503,0.0,4.0
four_peaks,SA95,100,500,9,503,2.0,3.0
four_peaks,SA55,100,3000,5,3003,37.0,3224.0
four_peaks,SA95,100,1000,9,1003,7.0,27.0
four_peaks,SA95,100,1000,5,1003,10.0,159.0
four_peaks,SA95,100,1000,3,1003,9.0,179.0
four_peaks,SA95,100,1000,2,1003,5.0,189.0
four_peaks,SA55,100,3500,3,3503,46.0,3327.0
four_peaks,SA95,100,1000,1,1003,19.0,182.0
four_peaks,SA95,100,1000,6,1003,2.0,90.0
four_peaks,RHC,100,4000,5,4003,46.0,4418.0
four_peaks,SA55,100,3000,3,3003,11.0,3376.0
four_peaks,SA95,100,1000,8,1003,8.0,152.0
four_peaks,SA55,100,5000,5,5003,152.0,3337.0
four_peaks,SA95,100,1000,7,1003,5.0,152.0
four_peaks,SA75,100,3500,1,3503,42.0,1825.0
four_peaks,SA55,100,3500,1,3503,42.0,3436.0
four_peaks,SA75,100,5000,4,5003,61.0,483.0
four_peaks,SA55,100,3500,2,3503,137.0,3468.0
four_peaks,SA95,100,1500,2,1503,16.0,23.0
four_peaks,RHC,100,3000,7,3003,30.0,4744.0
four_peaks,SA55,100,4000,0,4003,48.0,3165.0
four_peaks,RHC,100,4000,9,4003,28.0,4724.0
four_peaks,SA95,100,1500,8,1503,7.0,28.0
four_peaks,SA95,100,1500,9,1503,26.0,30.0
four_peaks,SA95,100,2000,0,2003,17.0,50.0
four_peaks,SA95,100,2000,3,2003,23.0,33.0
four_peaks,SA95,100,2000,4,2003,27.0,45.0
four_peaks,SA95,100,2000,1,2003,16.0,61.0
four_peaks,SA95,100,2000,5,2003,15.0,38.0
four_peaks,SA55,100,4500,5,4503,26.0,3384.0
four_peaks,SA95,100,2000,2,2003,21.0,66.0
four_peaks,SA95,100,2000,6,2003,25.0,52.0
four_peaks,SA95,100,2000,7,2003,14.0,56.0
four_peaks,SA95,100,2000,9,2003,24.0,49.0
four_peaks,SA55,100,3000,8,3003,23.0,3752.0
four_peaks,SA95,100,1500,4,1503,12.0,24.0
four_peaks,SA95,100,1500,5,1503,5.0,25.0
four_peaks,RHC,100,4500,4,4503,36.0,4918.0
four_peaks,SA95,100,2500,6,2503,16.0,55.0
four_peaks,SA75,100,3000,1,3003,26.0,2916.0
four_peaks,SA55,100,4500,1,4503,35.0,3919.0
four_peaks,SA55,100,4000,1,4003,38.0,3374.0
four_peaks,SA95,100,1500,0,1503,9.0,566.0
four_peaks,SA95,100,1500,6,1503,15.0,419.0
four_peaks,SA75,100,2500,0,2503,20.0,2254.0
four_peaks,RHC,100,4500,1,4503,56.0,4716.0
four_peaks,RHC,100,4500,6,4503,74.0,4933.0
four_peaks,SA55,100,4500,7,4503,38.0,3650.0
four_peaks,SA95,100,1500,3,1503,16.0,407.0
four_peaks,SA95,100,2000,8,2003,23.0,294.0
four_peaks,SA55,100,3000,6,3003,29.0,3892.0
four_peaks,SA75,100,3500,8,3503,27.0,2565.0
four_peaks,RHC,100,5000,1,5003,62.0,4980.0
four_peaks,SA95,100,1500,1,1503,6.0,753.0
four_peaks,SA55,100,4000,2,4003,49.0,3588.0
four_peaks,SA75,100,3500,6,3503,39.0,2548.0
four_peaks,SA95,100,2500,2,2503,39.0,364.0
four_peaks,RHC,100,4500,0,4503,44.0,5161.0
four_peaks,SA55,100,4000,4,4003,38.0,3700.0
four_peaks,SA55,100,3500,5,3503,39.0,4148.0
four_peaks,SA75,100,3500,4,3503,60.0,2588.0
four_peaks,SA95,100,2500,4,2503,34.0,268.0
four_peaks,SA55,100,3500,7,3503,132.0,4184.0
four_peaks,RHC,100,5000,6,5003,82.0,4962.0
four_peaks,SA55,100,4500,2,4503,36.0,3892.0
four_peaks,SA75,100,4000,8,4003,33.0,2203.0
four_peaks,SA95,100,1500,7,1503,10.0,312.0
four_peaks,SA75,100,4500,0,4503,37.0,2262.0
four_peaks,SA55,100,3500,0,3503,28.0,4302.0
four_peaks,SA95,100,2500,1,2503,11.0,633.0
four_peaks,SA95,100,3000,4,3003,13.0,332.0
four_peaks,SA55,100,5000,8,5003,49.0,3687.0
four_peaks,SA95,100,3000,9,3003,40.0,216.0
four_peaks,RHC,100,5000,4,5003,74.0,5179.0
four_peaks,RHC,100,5000,9,5003,54.0,5189.0
four_peaks,RHC,100,4000,8,4003,25.0,5491.0
four_peaks,RHC,100,5000,0,5003,46.0,5242.0
four_peaks,SA75,100,3000,6,3003,29.0,2935.0
four_peaks,SA75,100,4500,2,4503,57.0,2369.0
four_peaks,SA95,100,2500,7,2503,44.0,712.0
four_peaks,SA75,100,3000,3,3003,23.0,3540.0
four_peaks,SA75,100,5000,7,5003,39.0,1590.0
four_peaks,SA75,100,3000,8,3003,42.0,2988.0
four_peaks,RHC,100,4500,7,4503,44.0,5389.0
four_peaks,SA75,100,4000,0,4003,55.0,3096.0
four_peaks,SA95,100,3000,0,3003,17.0,744.0
four_peaks,SA95,100,2500,0,2503,36.0,960.0
four_peaks,SA55,100,4500,4,4503,51.0,4417.0
four_peaks,RHC,100,5000,3,5003,47.0,5534.0
four_peaks,SA95,100,2500,9,2503,22.0,925.0
four_peaks,SA75,100,4500,6,4503,51.0,2384.0
four_peaks,RHC,100,5000,5,5003,46.0,5633.0
four_peaks,SA55,100,5000,7,5003,82.0,4138.0
four_peaks,SA95,100,2500,8,2503,18.0,1025.0
four_peaks,SA95,100,2500,5,2503,25.0,1042.0
four_peaks,RHC,100,5000,2,5003,45.0,5797.0
four_peaks,SA75,100,4000,2,4003,22.0,2787.0
four_peaks,RHC,100,5000,8,5003,60.0,5689.0
four_peaks,SA55,100,5000,2,5003,38.0,4893.0
four_peaks,SA75,100,4000,4,4003,138.0,2841.0
four_peaks,SA55,100,4000,5,4003,26.0,4484.0
four_peaks,SA75,100,3500,9,3503,70.0,3562.0
four_peaks,SA55,100,5000,1,5003,65.0,4686.0
four_peaks,SA75,100,5000,6,5003,51.0,1985.0
four_peaks,SA75,100,4000,7,4003,38.0,2977.0
four_peaks,SA55,100,4500,9,4503,36.0,4805.0
four_peaks,SA95,100,3000,8,3003,29.0,841.0
four_peaks,RHC,100,5000,7,5003,45.0,5832.0
four_peaks,SA95,100,3000,2,3003,33.0,1253.0
four_peaks,SA95,100,2500,3,2503,33.0,1500.0
four_peaks,SA95,100,3000,5,3003,33.0,1233.0
four_peaks,SA75,100,4500,4,4503,50.0,3020.0
four_peaks,SA75,100,5000,1,5003,43.0,2522.0
four_peaks,SA95,100,3000,6,3003,33.0,1202.0
four_peaks,SA95,100,3000,3,3003,32.0,1283.0
four_peaks,SA75,100,4000,6,4003,150.0,3262.0
four_peaks,SA55,100,5000,0,5003,40.0,5050.0
four_peaks,SA55,100,5000,4,5003,42.0,5288.0
four_peaks,SA55,100,5000,9,5003,56.0,4695.0
four_peaks,SA75,100,4000,5,4003,39.0,3344.0
four_peaks,RHC,100,4500,2,4503,75.0,6467.0
four_peaks,SA75,100,5000,0,5003,33.0,2780.0
four_peaks,SA75,100,4500,8,4503,43.0,2709.0
four_peaks,SA95,100,3000,7,3003,17.0,1533.0
four_peaks,SA75,100,5000,3,5003,51.0,2813.0
four_peaks,SA75,100,4500,1,4503,41.0,3507.0
four_peaks,SA75,100,4000,1,4003,26.0,3487.0
four_peaks,SA75,100,4500,9,4503,41.0,2824.0
four_peaks,RHC,100,4500,9,4503,39.0,6523.0
four_peaks,SA95,100,3000,1,3003,28.0,1736.0
four_peaks,SA55,100,5000,3,5003,44.0,5660.0
four_peaks,SA75,100,4500,5,4503,140.0,3430.0
four_peaks,SA75,100,5000,2,5003,45.0,2682.0
four_peaks,SA75,100,4500,7,4503,70.0,3278.0
four_peaks,SA55,100,5000,6,5003,65.0,5463.0
four_peaks,SA75,100,4500,3,4503,36.0,3683.0
four_peaks,SA95,100,3500,3,3503,33.0,1646.0
four_peaks,SA55,100,4500,6,4503,61.0,5566.0
four_peaks,GALowPop,100,1,1,408,8.0,122.0
four_peaks,SA75,100,5000,5,5003,68.0,2982.0
four_peaks,SA75,100,5000,8,5003,57.0,2870.0
four_peaks,GALowPop,100,1,9,412,7.0,44.0
four_peaks,SA95,100,3500,1,3503,31.0,1688.0
four_peaks,GALowPop,100,1,2,408,10.0,127.0
four_peaks,GALowPop,100,1,0,412,10.0,146.0
four_peaks,GALowPop,100,1,5,411,14.0,87.0
four_peaks,GALowPop,100,1,7,410,9.0,72.0
four_peaks,GALowPop,100,1,6,412,7.0,86.0
four_peaks,GALowPop,100,1,3,411,7.0,127.0
four_peaks,GALowPop,100,1,4,410,11.0,104.0
four_peaks,GALowPop,100,1,8,409,8.0,73.0
four_peaks,SA95,100,3500,7,3503,34.0,1199.0
four_peaks,SA95,100,4000,6,4003,49.0,818.0
four_peaks,SA95,100,4000,7,4003,35.0,839.0
four_peaks,SA95,100,3500,0,3503,29.0,1824.0
four_peaks,SA75,100,5000,9,5003,60.0,2984.0
four_peaks,SA95,100,3500,4,3503,121.0,1792.0
four_peaks,SA95,100,3500,2,3503,38.0,1889.0
four_peaks,SA75,100,4000,3,4003,44.0,4032.0
four_peaks,SA95,100,4000,3,4003,46.0,1120.0
four_peaks,SA95,100,3500,9,3503,35.0,1324.0
four_peaks,SA95,100,3500,6,3503,136.0,1539.0
four_peaks,SA95,100,4500,3,4503,142.0,941.0
four_peaks,SA95,100,3500,5,3503,33.0,1941.0
four_peaks,SA95,100,4500,1,4503,50.0,973.0
four_peaks,SA95,100,4000,4,4003,42.0,1244.0
four_peaks,SA95,100,4000,5,4003,48.0,1257.0
four_peaks,SA95,100,4500,8,4503,46.0,970.0
four_peaks,SA95,100,4000,2,4003,33.0,1370.0
four_peaks,SA95,100,4000,8,4003,44.0,1245.0
four_peaks,SA95,100,3500,8,3503,23.0,1503.0
four_peaks,SA95,100,4500,7,4503,40.0,1154.0
four_peaks,SA95,100,4500,4,4503,39.0,1273.0
four_peaks,SA95,100,4000,0,4003,58.0,1813.0
four_peaks,SA95,100,4000,9,4003,41.0,1453.0
four_peaks,SA95,100,4500,2,4503,29.0,1419.0
four_peaks,SA95,100,4500,6,4503,40.0,1418.0
four_peaks,SA95,100,4500,5,4503,42.0,1403.0
four_peaks,SA95,100,4000,1,4003,31.0,1932.0
four_peaks,SA95,100,4500,0,4503,29.0,1622.0
four_peaks,SA95,100,5000,0,5003,55.0,1441.0
four_peaks,SA95,100,4500,9,4503,33.0,1461.0
four_peaks,SA95,100,5000,9,5003,43.0,1052.0
four_peaks,SA95,100,5000,4,5003,48.0,1368.0
four_peaks,GALowPop,100,500,3,52730,16.0,1060.0
four_peaks,SA95,100,5000,3,5003,37.0,1544.0
four_peaks,SA95,100,5000,1,5003,61.0,1465.0
four_peaks,SA95,100,5000,6,5003,33.0,1439.0
four_peaks,SA95,100,5000,7,5003,48.0,1495.0
four_peaks,SA95,100,5000,5,5003,53.0,1566.0
four_peaks,GALowPop,100,500,5,52790,114.0,1410.0
four_peaks,SA95,100,5000,8,5003,41.0,1622.0
four_peaks,SA95,100,5000,2,5003,41.0,1874.0
four_peaks,GALowPop,100,500,8,52803,114.0,1339.0
four_peaks,GALowPop,100,500,1,52755,123.0,1528.0
four_peaks,GALowPop,100,500,4,52739,118.0,1485.0
four_peaks,GALowPop,100,500,2,52764,112.0,1609.0
four_peaks,GALowPop,100,500,0,52703,25.0,1719.0
four_peaks,GALowPop,100,500,7,52789,13.0,1665.0
four_peaks,GALowPop,100,500,6,52738,117.0,1873.0
four_peaks,GALowPop,100,500,9,52723,119.0,1808.0
four_peaks,GAHighPop,100,1,1,410,14.0,57.0
four_peaks,GAHighPop,100,1,0,409,11.0,96.0
four_peaks,GAHighPop,100,1,3,411,8.0,39.0
four_peaks,GAHighPop,100,1,2,411,9.0,73.0
four_peaks,GAHighPop,100,1,4,410,8.0,56.0
four_peaks,GALowPop,100,1000,5,105209,114.0,2275.0
four_peaks,GALowPop,100,1000,2,105229,116.0,2764.0
four_peaks,GAHighPop,100,1,8,413,12.0,467.0
four_peaks,GAHighPop,100,1,5,409,113.0,510.0
four_peaks,GAHighPop,100,1,9,417,7.0,457.0
four_peaks,GAHighPop,100,1,7,410,9.0,499.0
four_peaks,GAHighPop,100,1,6,411,7.0,513.0
four_peaks,GALowPop,100,1000,6,105252,118.0,3615.0
four_peaks,GALowPop,100,1000,8,105226,18.0,3770.0
four_peaks,GALowPop,100,1000,1,105224,24.0,4289.0
four_peaks,GALowPop,100,1000,7,105248,115.0,4675.0
four_peaks,GALowPop,100,1000,9,105129,31.0,5385.0
four_peaks,GAHighPop,100,500,0,52699,120.0,2799.0
four_peaks,GAHighPop,100,500,2,52711,114.0,4107.0
four_peaks,GAHighPop,100,500,3,52749,27.0,4827.0
four_peaks,GAHighPop,100,500,7,52802,113.0,4775.0
four_peaks,GAHighPop,100,500,1,52776,118.0,4948.0
four_peaks,GAHighPop,100,500,8,52743,20.0,5021.0
four_peaks,GAHighPop,100,500,6,52761,115.0,5165.0
four_peaks,GALowPop,100,1000,4,105163,26.0,7782.0
four_peaks,GAHighPop,100,500,4,52775,22.0,5497.0
four_peaks,GAHighPop,100,500,9,52757,23.0,5466.0
four_peaks,GAHighPop,100,500,5,52727,22.0,5682.0
four_peaks,GALowPop,100,1000,0,105233,34.0,8616.0
four_peaks,GALowPop,100,1000,3,105156,120.0,8565.0
four_peaks,GALowPop,100,1500,8,157699,33.0,8806.0
four_peaks,MIMIC200,100,1,5,601,14.0,2032.0
four_peaks,GALowPop,100,1500,3,157687,117.0,9171.0
four_peaks,GALowPop,100,1500,2,157599,117.0,9856.0
four_peaks,GALowPop,100,1500,7,157531,25.0,10234.0
four_peaks,MIMIC200,100,1,1,601,11.0,3666.0
four_peaks,GALowPop,100,1500,1,157702,36.0,10592.0
four_peaks,MIMIC200,100,1,3,601,12.0,3865.0
four_peaks,GALowPop,100,1500,6,157670,18.0,11128.0
four_peaks,MIMIC200,100,1,2,601,10.0,4288.0
four_peaks,MIMIC200,100,1,0,601,11.0,4368.0
four_peaks,MIMIC200,100,1,7,601,10.0,4148.0
four_peaks,GAHighPop,100,1000,2,105157,19.0,9089.0
four_peaks,MIMIC200,100,1,9,601,6.0,3819.0
four_peaks,GALowPop,100,1500,4,157741,121.0,11542.0
four_peaks,MIMIC200,100,1,8,601,12.0,4318.0
four_peaks,MIMIC200,100,1,4,601,16.0,5020.0
four_peaks,GALowPop,100,1500,5,157650,115.0,12337.0
four_peaks,GAHighPop,100,1000,0,105120,23.0,10350.0
four_peaks,GALowPop,100,1500,0,157643,122.0,12874.0
four_peaks,GAHighPop,100,1000,7,105241,121.0,10640.0
four_peaks,MIMIC200,100,1,6,601,15.0,6723.0
four_peaks,GAHighPop,100,1000,5,105226,123.0,11334.0
four_peaks,GAHighPop,100,1000,3,105211,34.0,12146.0
four_peaks,GAHighPop,100,1000,1,105211,113.0,12499.0
four_peaks,GAHighPop,100,1500,0,157631,32.0,12794.0
four_peaks,GALowPop,100,1500,9,157711,40.0,15432.0
four_peaks,GAHighPop,100,1000,8,105167,118.0,13389.0
four_peaks,GALowPop,100,2000,8,210073,28.0,15389.0
four_peaks,GAHighPop,100,1000,4,105239,20.0,13375.0
four_peaks,GAHighPop,100,1000,6,105169,112.0,14640.0
four_peaks,GAHighPop,100,1000,9,105260,26.0,14657.0
four_peaks,MIMIC50,100,1,2,151,6.0,344.0
four_peaks,MIMIC50,100,1,7,151,15.0,280.0
four_peaks,MIMIC50,100,1,0,151,9.0,521.0
four_peaks,MIMIC50,100,1,5,151,7.0,437.0
four_peaks,GAHighPop,100,1500,7,157635,117.0,15092.0
four_peaks,GALowPop,100,2000,5,210075,123.0,17872.0
four_peaks,MIMIC50,100,1,4,151,7.0,737.0
four_peaks,MIMIC50,100,1,8,151,5.0,380.0
four_peaks,MIMIC50,100,1,9,151,7.0,316.0
four_peaks,GALowPop,100,2500,1,262671,119.0,18730.0
four_peaks,GAHighPop,100,1500,2,157718,125.0,16525.0
four_peaks,GALowPop,100,2000,7,210154,119.0,18709.0
four_peaks,GALowPop,100,2000,0,210115,37.0,19477.0
four_peaks,MIMIC50,100,1,6,151,12.0,2172.0
four_peaks,MIMIC50,100,1,1,151,8.0,2346.0
four_peaks,GAHighPop,100,1500,9,157558,34.0,16821.0
four_peaks,MIMIC50,100,1,3,151,5.0,2334.0
four_peaks,GALowPop,100,2500,7,262524,56.0,19657.0
four_peaks,GAHighPop,100,1500,3,157649,124.0,18357.0
four_peaks,GAHighPop,100,2000,4,210097,24.0,18691.0
four_peaks,GALowPop,100,2000,3,210006,123.0,21475.0
four_peaks,GAHighPop,100,1500,1,157674,129.0,19161.0
four_peaks,GAHighPop,100,2000,6,210088,121.0,18880.0
four_peaks,GALowPop,100,2000,6,210089,119.0,22531.0
four_peaks,GAHighPop,100,1500,4,157735,33.0,20739.0
four_peaks,GALowPop,100,2000,2,210216,115.0,24090.0
four_peaks,GAHighPop,100,1500,8,157537,31.0,21384.0
four_peaks,GAHighPop,100,2000,2,210238,117.0,21480.0
four_peaks,GALowPop,100,2000,1,210018,126.0,24512.0
four_peaks,GALowPop,100,2500,8,262660,125.0,24116.0
four_peaks,GALowPop,100,2000,4,210137,119.0,24636.0
four_peaks,GALowPop,100,2000,9,210022,38.0,24773.0
four_peaks,GAHighPop,100,2000,9,210128,120.0,22944.0
four_peaks,GAHighPop,100,1500,5,157781,112.0,22925.0
four_peaks,GAHighPop,100,2000,3,210047,33.0,24192.0
four_peaks,GAHighPop,100,1500,6,157718,121.0,23922.0
four_peaks,GALowPop,100,2500,9,262603,39.0,27024.0
four_peaks,GALowPop,100,2500,5,262484,115.0,27295.0
four_peaks,GALowPop,100,2500,4,262689,128.0,28864.0
four_peaks,GAHighPop,100,2000,0,210146,30.0,26833.0
four_peaks,GAHighPop,100,2500,4,262498,125.0,25982.0
four_peaks,GALowPop,100,2500,3,262531,42.0,29497.0
four_peaks,GAHighPop,100,2000,1,210123,38.0,27545.0
four_peaks,GAHighPop,100,2000,7,210168,34.0,27998.0
four_peaks,GALowPop,100,2500,0,262519,37.0,30936.0
four_peaks,GAHighPop,100,2500,0,262483,37.0,28866.0
four_peaks,GALowPop,100,3000,6,315082,120.0,32851.0
four_peaks,GAHighPop,100,2000,5,209956,40.0,31399.0
four_peaks,GALowPop,100,2500,2,262632,119.0,34340.0
four_peaks,GALowPop,100,3000,9,314842,115.0,34749.0
four_peaks,GAHighPop,100,2500,2,262421,130.0,32975.0
four_peaks,GAHighPop,100,2000,8,210115,29.0,34742.0
four_peaks,GALowPop,100,2500,6,262609,43.0,36951.0
four_peaks,GAHighPop,100,2500,5,262505,33.0,34450.0
four_peaks,GALowPop,100,4000,7,419747,124.0,39045.0
four_peaks,GALowPop,100,3000,2,315118,127.0,39956.0
four_peaks,GALowPop,100,3000,1,315041,41.0,40204.0
four_peaks,GALowPop,100,3000,0,315054,129.0,40248.0
four_peaks,GAHighPop,100,3500,3,367343,124.0,38132.0
four_peaks,GALowPop,100,3500,0,367341,39.0,44055.0
four_peaks,GALowPop,100,3000,7,314937,150.0,44326.0
four_peaks,GAHighPop,100,2500,3,262575,115.0,42091.0
four_peaks,GAHighPop,100,2500,9,262504,118.0,41907.0
four_peaks,GALowPop,100,4000,3,419864,122.0,44526.0
four_peaks,GAHighPop,100,2500,8,262511,138.0,42838.0
four_peaks,GALowPop,100,3000,5,315007,133.0,45557.0
four_peaks,GAHighPop,100,2500,1,262575,115.0,43704.0
four_peaks,GAHighPop,100,3000,0,314942,134.0,43392.0
four_peaks,GAHighPop,100,2500,6,262610,114.0,43693.0
four_peaks,GALowPop,100,3500,8,367412,116.0,46800.0
four_peaks,GAHighPop,100,3000,5,314886,33.0,44312.0
four_peaks,GAHighPop,100,3000,8,314900,127.0,43967.0
four_peaks,GAHighPop,100,3000,4,315061,116.0,44815.0
four_peaks,GAHighPop,100,3000,2,315038,119.0,45078.0
four_peaks,GAHighPop,100,2500,7,262463,49.0,45459.0
four_peaks,GAHighPop,100,3000,3,315030,132.0,45488.0
four_peaks,GALowPop,100,3500,7,367376,35.0,48774.0
four_peaks,GAHighPop,100,3500,9,367383,133.0,45374.0
four_peaks,GALowPop,100,3000,8,314834,140.0,49586.0
four_peaks,GAHighPop,100,3500,4,367417,40.0,45831.0
four_peaks,GAHighPop,100,3000,9,314967,45.0,47228.0
four_peaks,GALowPop,100,3000,3,314985,123.0,50790.0
four_peaks,GAHighPop,100,4000,7,419684,136.0,46771.0
four_peaks,GALowPop,100,3500,4,367400,41.0,51019.0
four_peaks,GAHighPop,100,3500,6,367498,128.0,47767.0
four_peaks,GAHighPop,100,3000,6,314926,32.0,48840.0
four_peaks,GAHighPop,100,3000,7,314945,124.0,48674.0
four_peaks,GAHighPop,100,3000,1,314890,121.0,49310.0
four_peaks,GALowPop,100,3500,1,367288,121.0,52452.0
four_peaks,GALowPop,100,3500,6,367397,135.0,53360.0
four_peaks,GALowPop,100,3000,4,315200,138.0,52712.0
four_peaks,GALowPop,100,3500,2,367329,124.0,53874.0
four_peaks,GALowPop,100,4000,1,419888,132.0,54138.0
four_peaks,GALowPop,100,3500,3,367377,124.0,54326.0
four_peaks,GALowPop,100,4000,4,419978,65.0,54199.0
four_peaks,GAHighPop,100,4000,6,419787,126.0,50640.0
four_peaks,GAHighPop,100,3500,8,367398,48.0,51311.0
four_peaks,GALowPop,100,5000,9,524683,126.0,54850.0
four_peaks,GAHighPop,100,3500,2,367594,55.0,53717.0
four_peaks,GAHighPop,100,4000,8,419835,132.0,53269.0
four_peaks,GAHighPop,100,5000,1,524964,128.0,52457.0
four_peaks,GALowPop,100,4000,5,419909,50.0,57249.0
four_peaks,GAHighPop,100,3500,1,367359,123.0,54264.0
four_peaks,GALowPop,100,4000,0,419974,142.0,58247.0
four_peaks,GALowPop,100,3500,9,367395,143.0,58265.0
four_peaks,GALowPop,100,3500,5,367237,127.0,58467.0
four_peaks,GALowPop,100,4500,4,472524,64.0,57776.0
four_peaks,GAHighPop,100,3500,0,367355,33.0,56013.0
four_peaks,GAHighPop,100,4000,1,419799,54.0,55493.0
four_peaks,GALowPop,100,4500,1,472323,133.0,59433.0
four_peaks,GALowPop,100,4500,3,472408,129.0,60453.0
four_peaks,GALowPop,100,4500,9,472365,116.0,61741.0
four_peaks,GALowPop,100,4500,7,472258,122.0,62402.0
four_peaks,GALowPop,100,4500,0,472300,47.0,62869.0
four_peaks,GAHighPop,100,3500,5,367419,119.0,59763.0
four_peaks,GAHighPop,100,4000,5,419878,43.0,59263.0
four_peaks,GAHighPop,100,4500,6,472415,128.0,59431.0
four_peaks,GALowPop,100,4000,2,419805,129.0,64997.0
four_peaks,GAHighPop,100,5000,2,524876,132.0,60170.0
four_peaks,GAHighPop,100,5000,6,524566,139.0,60164.0
four_peaks,GALowPop,100,5000,4,524997,134.0,65811.0
four_peaks,GALowPop,100,4000,9,419769,119.0,65719.0
four_peaks,GAHighPop,100,4000,2,419851,131.0,63516.0
four_peaks,GAHighPop,100,4000,0,419865,129.0,63790.0
four_peaks,GALowPop,100,4000,8,419842,125.0,67190.0
four_peaks,GAHighPop,100,3500,7,367406,45.0,64860.0
four_peaks,GAHighPop,100,4500,7,472286,119.0,64272.0
four_peaks,GAHighPop,100,4000,3,419782,53.0,64581.0
four_peaks,GALowPop,100,4500,8,472484,137.0,68676.0
four_peaks,GAHighPop,100,4500,0,472172,140.0,66128.0
four_peaks,GAHighPop,100,4000,9,419889,135.0,66075.0
four_peaks,GALowPop,100,5000,1,524681,127.0,69919.0
four_peaks,GAHighPop,100,4500,8,472321,147.0,66027.0
four_peaks,GALowPop,100,4500,2,472343,124.0,70655.0
four_peaks,GALowPop,100,4500,5,472336,126.0,70911.0
four_peaks,GAHighPop,100,5000,5,524726,61.0,65850.0
four_peaks,GALowPop,100,4000,6,419926,39.0,71889.0
four_peaks,GALowPop,100,5000,6,524841,161.0,71702.0
four_peaks,GALowPop,100,4500,6,472633,137.0,71940.0
four_peaks,GALowPop,100,5000,2,524830,50.0,71901.0
four_peaks,GAHighPop,100,4000,4,419884,134.0,68158.0
four_peaks,GAHighPop,100,4500,3,472504,56.0,68155.0
four_peaks,GALowPop,100,5000,8,524794,129.0,71968.0
four_peaks,GALowPop,100,5000,7,524570,144.0,72009.0
four_peaks,GALowPop,100,5000,5,524799,48.0,72208.0
four_peaks,GAHighPop,100,5000,7,524825,133.0,67444.0
four_peaks,GAHighPop,100,4500,5,472273,57.0,68718.0
four_peaks,GALowPop,100,5000,3,524700,55.0,73436.0
four_peaks,GAHighPop,100,5000,3,524643,50.0,68601.0
four_peaks,GAHighPop,100,4500,9,472317,121.0,69412.0
four_peaks,GAHighPop,100,4500,1,472176,124.0,70424.0
four_peaks,GAHighPop,100,5000,4,524748,51.0,69522.0
four_peaks,GAHighPop,100,4500,4,472426,44.0,70970.0
four_peaks,GAHighPop,100,5000,0,524716,140.0,70655.0
four_peaks,GAHighPop,100,4500,2,472167,145.0,71752.0
four_peaks,GALowPop,100,5000,0,524620,126.0,78095.0
four_peaks,GAHighPop,100,5000,8,524738,123.0,73310.0
four_peaks,GAHighPop,100,5000,9,524687,57.0,80718.0
four_peaks,MIMIC50,100,500,8,25101,62.0,102369.0
four_peaks,MIMIC50,100,500,7,25101,58.0,102041.0
four_peaks,MIMIC50,100,500,6,25101,64.0,103518.0
four_peaks,MIMIC50,100,500,3,25101,75.0,105015.0
four_peaks,MIMIC50,100,500,9,25101,78.0,105420.0
four_peaks,MIMIC50,100,500,5,25101,55.0,107572.0
four_peaks,MIMIC50,100,500,2,25101,56.0,108622.0
four_peaks,MIMIC50,100,500,4,25101,55.0,110252.0
four_peaks,MIMIC50,100,500,0,25101,58.0,111850.0
four_peaks,MIMIC50,100,500,1,25101,59.0,121470.0
four_peaks,MIMIC50,100,1000,7,50101,89.0,174092.0
four_peaks,MIMIC50,100,1000,6,50101,89.0,175643.0
four_peaks,MIMIC50,100,1000,9,50101,92.0,182266.0
four_peaks,MIMIC50,100,1000,2,50101,85.0,186763.0
four_peaks,MIMIC50,100,1000,4,50101,100.0,190207.0
four_peaks,MIMIC50,100,1000,1,50101,171.0,190884.0
four_peaks,MIMIC50,100,1000,5,50101,98.0,191016.0
four_peaks,MIMIC50,100,1000,8,50101,84.0,191671.0
four_peaks,MIMIC50,100,1000,3,50101,89.0,197144.0
four_peaks,MIMIC50,100,1000,0,50101,188.0,203134.0
four_peaks,MIMIC200,100,500,3,100401,134.0,256068.0
four_peaks,MIMIC200,100,500,0,100401,64.0,256420.0
four_peaks,MIMIC200,100,500,6,100401,130.0,257295.0
four_peaks,MIMIC200,100,500,9,100401,46.0,260694.0
four_peaks,MIMIC50,100,1500,2,75101,100.0,250459.0
four_peaks,MIMIC200,100,500,5,100401,49.0,265711.0
four_peaks,MIMIC200,100,500,2,100401,150.0,266842.0
four_peaks,MIMIC50,100,1500,3,75101,189.0,255842.0
four_peaks,MIMIC200,100,500,1,100401,37.0,270636.0
four_peaks,MIMIC200,100,500,7,100401,31.0,270388.0
four_peaks,MIMIC50,100,1500,4,75101,100.0,260227.0
four_peaks,MIMIC200,100,500,8,100401,51.0,272495.0
four_peaks,MIMIC200,100,500,4,100401,45.0,273057.0
four_peaks,MIMIC50,100,1500,6,75101,189.0,263698.0
four_peaks,MIMIC50,100,1500,0,75101,182.0,264869.0
four_peaks,MIMIC50,100,1500,7,75101,92.0,267717.0
four_peaks,MIMIC50,100,1500,8,75101,189.0,270747.0
four_peaks,MIMIC50,100,1500,5,75101,92.0,275679.0
four_peaks,MIMIC50,100,1500,1,75101,97.0,276427.0
four_peaks,MIMIC50,100,1500,9,75101,100.0,279345.0
four_peaks,MIMIC50,100,2000,9,100101,189.0,336033.0
four_peaks,MIMIC50,100,2000,4,100101,100.0,337404.0
four_peaks,MIMIC50,100,2000,5,100101,189.0,342263.0
four_peaks,MIMIC50,100,2000,0,100101,189.0,344458.0
four_peaks,MIMIC50,100,2000,1,100101,100.0,344990.0
four_peaks,MIMIC50,100,2000,6,100101,189.0,345056.0
four_peaks,MIMIC50,100,2000,3,100101,189.0,347328.0
four_peaks,MIMIC50,100,2000,2,100101,100.0,351968.0
four_peaks,MIMIC50,100,2000,7,100101,100.0,355576.0
four_peaks,MIMIC50,100,2000,8,100101,189.0,355972.0
four_peaks,MIMIC50,100,2500,2,125101,100.0,382393.0
four_peaks,MIMIC50,100,2500,0,125101,100.0,403506.0
four_peaks,MIMIC50,100,2500,8,125101,100.0,401855.0
four_peaks,MIMIC50,100,2500,3,125101,100.0,405266.0
four_peaks,MIMIC50,100,2500,6,125101,189.0,409044.0
four_peaks,MIMIC50,100,2500,4,125101,189.0,415672.0
four_peaks,MIMIC50,100,2500,1,125101,100.0,419839.0
four_peaks,MIMIC50,100,2500,7,125101,186.0,418404.0
four_peaks,MIMIC50,100,2500,9,125101,100.0,420807.0
four_peaks,MIMIC50,100,2500,5,125101,100.0,424012.0
four_peaks,MIMIC200,100,1000,5,200401,59.0,450008.0
four_peaks,MIMIC200,100,1000,4,200401,175.0,457111.0
four_peaks,MIMIC200,100,1000,7,200401,155.0,461611.0
four_peaks,MIMIC200,100,1000,6,200401,68.0,463816.0
four_peaks,MIMIC50,100,3000,3,150101,100.0,453080.0
four_peaks,MIMIC200,100,1000,3,200401,82.0,468344.0
four_peaks,MIMIC200,100,1000,8,200401,54.0,469957.0
four_peaks,MIMIC200,100,1000,1,200401,149.0,472888.0
four_peaks,MIMIC200,100,1000,0,200401,149.0,476378.0
four_peaks,MIMIC200,100,1000,9,200401,69.0,478094.0
four_peaks,MIMIC50,100,3000,6,150101,100.0,461689.0
four_peaks,MIMIC200,100,1000,2,200401,177.0,481703.0
four_peaks,MIMIC50,100,3000,0,150101,189.0,467701.0
four_peaks,MIMIC50,100,3000,1,150101,189.0,471981.0
four_peaks,MIMIC50,100,3000,9,150101,189.0,469955.0
four_peaks,MIMIC50,100,3000,5,150101,100.0,476800.0
four_peaks,MIMIC50,100,3000,8,150101,189.0,478944.0
four_peaks,MIMIC50,100,3000,4,150101,100.0,481590.0
four_peaks,MIMIC50,100,3000,7,150101,189.0,482018.0
four_peaks,MIMIC50,100,3000,2,150101,189.0,487745.0
four_peaks,MIMIC50,100,3500,5,175101,189.0,517169.0
four_peaks,MIMIC50,100,3500,4,175101,100.0,526843.0
four_peaks,MIMIC50,100,3500,6,175101,100.0,527543.0
four_peaks,MIMIC50,100,3500,7,175101,100.0,531564.0
four_peaks,MIMIC50,100,3500,1,175101,100.0,532404.0
four_peaks,MIMIC50,100,3500,0,175101,189.0,534024.0
four_peaks,MIMIC50,100,3500,2,175101,100.0,534103.0
four_peaks,MIMIC50,100,3500,9,175101,100.0,534725.0
four_peaks,MIMIC50,100,3500,8,175101,100.0,537393.0
four_peaks,MIMIC50,100,3500,3,175101,100.0,540252.0
four_peaks,MIMIC50,100,4000,8,200101,189.0,581901.0
four_peaks,MIMIC50,100,4000,9,200101,100.0,581944.0
four_peaks,MIMIC50,100,4000,7,200101,100.0,584325.0
four_peaks,MIMIC50,100,4000,1,200101,189.0,586356.0
four_peaks,MIMIC50,100,4000,4,200101,189.0,587687.0
four_peaks,MIMIC50,100,4000,0,200101,189.0,589595.0
four_peaks,MIMIC50,100,4000,5,200101,100.0,589283.0
four_peaks,MIMIC50,100,4000,2,200101,189.0,590660.0
four_peaks,MIMIC50,100,4000,3,200101,189.0,596270.0
four_peaks,MIMIC200,100,1500,1,300401,88.0,621467.0
four_peaks,MIMIC50,100,4000,6,200101,189.0,606613.0
four_peaks,MIMIC200,100,1500,2,300401,180.0,632155.0
four_peaks,MIMIC200,100,1500,5,300401,84.0,635039.0
four_peaks,MIMIC200,100,1500,4,300401,179.0,636321.0
four_peaks,MIMIC200,100,1500,7,300401,94.0,635687.0
four_peaks,MIMIC200,100,1500,0,300401,79.0,637625.0
four_peaks,MIMIC200,100,1500,6,300401,172.0,638414.0
four_peaks,MIMIC200,100,1500,8,300401,169.0,643063.0
four_peaks,MIMIC50,100,4500,0,225101,100.0,630735.0
four_peaks,MIMIC50,100,4500,6,225101,100.0,631824.0
four_peaks,MIMIC50,100,4500,4,225101,189.0,631849.0
four_peaks,MIMIC200,100,1500,9,300401,79.0,652717.0
four_peaks,MIMIC200,100,1500,3,300401,92.0,655047.0
four_peaks,MIMIC50,100,4500,8,225101,189.0,637260.0
four_peaks,MIMIC50,100,4500,7,225101,189.0,641722.0
four_peaks,MIMIC50,100,4500,9,225101,100.0,642717.0
four_peaks,MIMIC50,100,4500,2,225101,189.0,640817.0
four_peaks,MIMIC50,100,4500,3,225101,189.0,644897.0
four_peaks,MIMIC50,100,4500,5,225101,189.0,661230.0
four_peaks,MIMIC50,100,4500,1,225101,189.0,661552.0
four_peaks,MIMIC50,100,5000,5,250101,100.0,666078.0
four_peaks,MIMIC50,100,5000,1,250101,189.0,669409.0
four_peaks,MIMIC50,100,5000,9,250101,100.0,673087.0
four_peaks,MIMIC50,100,5000,0,250101,100.0,676082.0
four_peaks,MIMIC50,100,5000,8,250101,100.0,677452.0
four_peaks,MIMIC50,100,5000,3,250101,100.0,679642.0
four_peaks,MIMIC50,100,5000,4,250101,189.0,682577.0
four_peaks,MIMIC50,100,5000,2,250101,189.0,684022.0
four_peaks,MIMIC50,100,5000,7,250101,100.0,684409.0
four_peaks,MIMIC50,100,5000,6,250101,189.0,689668.0
four_peaks,MIMIC200,100,2000,9,400401,91.0,756552.0
four_peaks,MIMIC200,100,2000,3,400401,187.0,761015.0
four_peaks,MIMIC200,100,2000,4,400401,93.0,767195.0
four_peaks,MIMIC200,100,2000,2,400401,96.0,770176.0
four_peaks,MIMIC200,100,2000,8,400401,96.0,772299.0
four_peaks,MIMIC200,100,2000,0,400401,90.0,775772.0
four_peaks,MIMIC200,100,2000,6,400401,189.0,777349.0
four_peaks,MIMIC200,100,2000,1,400401,81.0,779620.0
four_peaks,MIMIC200,100,2000,7,400401,169.0,778431.0
four_peaks,MIMIC200,100,2000,5,400401,189.0,781778.0
four_peaks,MIMIC200,100,2500,8,500401,100.0,851747.0
four_peaks,MIMIC200,100,2500,5,500401,189.0,862222.0
four_peaks,MIMIC200,100,2500,2,500401,100.0,866244.0
four_peaks,MIMIC200,100,2500,4,500401,95.0,870271.0
four_peaks,MIMIC200,100,2500,6,500401,100.0,873188.0
four_peaks,MIMIC200,100,2500,0,500401,100.0,874855.0
four_peaks,MIMIC200,100,2500,1,500401,189.0,876720.0
four_peaks,MIMIC200,100,2500,9,500401,189.0,875866.0
four_peaks,MIMIC200,100,2500,3,500401,100.0,885142.0
four_peaks,MIMIC200,100,2500,7,500401,189.0,887172.0
four_peaks,MIMIC200,100,3000,2,600401,100.0,939028.0
four_peaks,MIMIC200,100,3000,1,600401,189.0,948729.0
four_peaks,MIMIC200,100,3000,0,600401,100.0,949802.0
four_peaks,MIMIC200,100,3000,5,600401,100.0,950767.0
four_peaks,MIMIC200,100,3000,9,600401,100.0,963428.0
four_peaks,MIMIC200,100,3000,3,600401,100.0,963592.0
four_peaks,MIMIC200,100,3000,6,600401,100.0,966401.0
four_peaks,MIMIC200,100,3000,4,600401,184.0,967896.0
four_peaks,MIMIC200,100,3000,8,600401,100.0,967975.0
four_peaks,MIMIC200,100,3000,7,600401,189.0,973826.0
four_peaks,MIMIC200,100,3500,3,700401,100.0,1024978.0
four_peaks,MIMIC200,100,3500,6,700401,100.0,1025635.0
four_peaks,MIMIC200,100,3500,4,700401,100.0,1026428.0
four_peaks,MIMIC200,100,3500,0,700401,100.0,1027991.0
four_peaks,MIMIC200,100,3500,7,700401,100.0,1028692.0
four_peaks,MIMIC200,100,3500,2,700401,100.0,1030976.0
four_peaks,MIMIC200,100,3500,8,700401,189.0,1030457.0
four_peaks,MIMIC200,100,3500,1,700401,100.0,1039633.0
four_peaks,MIMIC200,100,3500,9,700401,100.0,1041336.0
four_peaks,MIMIC200,100,3500,5,700401,100.0,1041759.0
four_peaks,MIMIC200,100,4000,7,800401,100.0,1070685.0
four_peaks,MIMIC200,100,4000,6,800401,100.0,1076019.0
four_peaks,MIMIC200,100,4000,4,800401,189.0,1079160.0
four_peaks,MIMIC200,100,4000,5,800401,189.0,1079558.0
four_peaks,MIMIC200,100,4000,2,800401,189.0,1082681.0
four_peaks,MIMIC200,100,4000,0,800401,189.0,1084095.0
four_peaks,MIMIC200,100,4000,9,800401,189.0,1082782.0
four_peaks,MIMIC200,100,4000,8,800401,100.0,1083694.0
four_peaks,MIMIC200,100,4000,1,800401,100.0,1085332.0
four_peaks,MIMIC200,100,4000,3,800401,189.0,1088537.0
four_peaks,MIMIC200,100,4500,7,900401,100.0,1113336.0
four_peaks,MIMIC200,100,4500,8,900401,100.0,1114429.0
four_peaks,MIMIC200,100,4500,1,900401,189.0,1116469.0
four_peaks,MIMIC200,100,4500,4,900401,189.0,1117508.0
four_peaks,MIMIC200,100,4500,6,900401,100.0,1117769.0
four_peaks,MIMIC200,100,4500,5,900401,189.0,1117830.0
four_peaks,MIMIC200,100,4500,0,900401,189.0,1118917.0
four_peaks,MIMIC200,100,4500,3,900401,189.0,1118948.0
four_peaks,MIMIC200,100,4500,2,900401,189.0,1121200.0
four_peaks,MIMIC200,100,4500,9,900401,100.0,1123243.0
four_peaks,MIMIC200,100,5000,2,1000401,100.0,1133270.0
four_peaks,MIMIC200,100,5000,4,1000401,100.0,1133598.0
four_peaks,MIMIC200,100,5000,1,1000401,189.0,1134293.0
four_peaks,MIMIC200,100,5000,6,1000401,100.0,1134713.0
four_peaks,MIMIC200,100,5000,5,1000401,100.0,1134728.0
four_peaks,MIMIC200,100,5000,7,1000401,100.0,1135040.0
four_peaks,MIMIC200,100,5000,9,1000401,189.0,1135102.0
four_peaks,MIMIC200,100,5000,3,1000401,100.0,1135375.0
four_peaks,MIMIC200,100,5000,8,1000401,100.0,1135350.0
four_peaks,MIMIC200,100,5000,0,1000401,100.0,1135972.0
