knapsack,RHC,100,1,4,4,1110.2109032075114,3.0,2536.0739204784722
knapsack,RHC,100,1,8,4,1347.2473630830912,2.0,2536.0739204784722
knapsack,RHC,100,200,2,203,2118.2616950794786,3.0,2536.0739204784722
knapsack,RHC,100,100,6,103,1848.0731779923217,17.0,2536.0739204784722
knapsack,RHC,100,1,5,4,1416.0181201834368,3.0,2536.0739204784722
knapsack,RHC,100,1,7,4,1498.386389778792,15.0,2536.0739204784722
knapsack,RHC,100,50,5,53,1665.0478424658206,17.0,2536.0739204784722
knapsack,RHC,100,100,4,103,1508.082572023179,18.0,2536.0739204784722
knapsack,RHC,100,100,1,103,1591.5958737723292,16.0,2536.0739204784722
knapsack,RHC,100,50,7,53,1433.9783068739703,16.0,2536.0739204784722
knapsack,RHC,100,150,6,153,1943.1653118592662,4.0,2536.0739204784722
knapsack,RHC,100,200,6,203,2070.8517878512253,3.0,2536.0739204784722
knapsack,RHC,100,50,8,53,1515.6187471491091,9.0,2536.0739204784722
knapsack,RHC,100,200,8,203,2102.9773106955195,3.0,2536.0739204784722
knapsack,RHC,100,50,9,53,1535.5288804228758,15.0,2536.0739204784722
knapsack,RHC,100,300,1,303,2238.583788919174,5.0,2536.0739204784722
knapsack,RHC,100,1,9,4,1386.4654893111701,2.0,2536.0739204784722
knapsack,RHC,100,100,8,103,1657.9783904196802,14.0,2536.0739204784722
knapsack,RHC,100,50,2,53,1378.0262697939706,19.0,2536.0739204784722
knapsack,RHC,100,150,8,153,2106.37462444755,3.0,2536.0739204784722
knapsack,RHC,100,200,5,203,2023.512159209635,3.0,2536.0739204784722
knapsack,RHC,100,100,9,103,1841.361653065828,18.0,2536.0739204784722
knapsack,RHC,100,1,3,4,1268.621877557899,1.0,2536.0739204784722
knapsack,RHC,100,150,5,153,1849.137991165583,3.0,2536.0739204784722
knapsack,RHC,100,100,3,103,1645.3157321482931,18.0,2536.0739204784722
knapsack,RHC,100,50,3,53,1519.515562195363,11.0,2536.0739204784722
knapsack,RHC,100,300,6,303,2325.237180576679,2.0,2536.0739204784722
knapsack,RHC,100,150,4,153,2032.6557291951626,7.0,2536.0739204784722
knapsack,RHC,100,150,9,153,2227.200691875606,3.0,2536.0739204784722
knapsack,RHC,100,50,0,53,1757.5246589770907,12.0,2536.0739204784722
knapsack,RHC,100,200,3,203,2081.869359915891,2.0,2536.0739204784722
knapsack,RHC,100,100,2,103,1650.2317587125806,15.0,2536.0739204784722
knapsack,RHC,100,150,0,153,1925.4779237185285,10.0,2536.0739204784722
knapsack,RHC,100,200,0,203,2117.58279710663,3.0,2536.0739204784722
knapsack,RHC,100,50,1,53,1683.1899125892191,12.0,2536.0739204784722
knapsack,RHC,100,1,1,4,1267.779805421888,15.0,2536.0739204784722
knapsack,RHC,100,300,0,303,2147.1390227254433,6.0,2536.0739204784722
knapsack,RHC,100,150,7,153,2053.7851422571302,2.0,2536.0739204784722
knapsack,RHC,100,300,9,303,2365.055704379557,13.0,2536.0739204784722
knapsack,RHC,100,150,3,153,1892.2332327504437,9.0,2536.0739204784722
knapsack,RHC,100,200,9,203,1954.7763444525697,6.0,2536.0739204784722
knapsack,RHC,100,150,1,153,1936.2920386503927,9.0,2536.0739204784722
knapsack,RHC,100,50,6,53,1519.2029503663682,8.0,2536.0739204784722
knapsack,RHC,100,50,4,53,1623.570029606001,10.0,2536.0739204784722
knapsack,RHC,100,150,2,153,2016.6130530459805,9.0,2536.0739204784722
knapsack,RHC,100,300,4,303,2172.856882551524,3.0,2536.0739204784722
knapsack,RHC,100,1,2,4,1131.2757053326188,2.0,2536.0739204784722
knapsack,RHC,100,200,1,203,2041.0173513649668,3.0,2536.0739204784722
knapsack,RHC,100,100,7,103,1992.2667175227486,6.0,2536.0739204784722
knapsack,RHC,100,100,0,103,1627.334642440093,15.0,2536.0739204784722
knapsack,RHC,100,100,5,103,1639.2047787627873,17.0,2536.0739204784722
knapsack,RHC,100,1,0,4,1202.7470993334823,1.0,2536.0739204784722
knapsack,RHC,100,300,2,303,2314.6297974189433,3.0,2536.0739204784722
knapsack,RHC,100,300,5,303,2380.3679567619424,3.0,2536.0739204784722
knapsack,RHC,100,1,6,4,1478.6511821413005,2.0,2536.0739204784722
knapsack,RHC,100,300,3,303,2107.1143186123963,6.0,2536.0739204784722
knapsack,RHC,100,200,7,203,2042.7408130652677,2.0,2536.0739204784722
knapsack,RHC,100,200,4,203,1902.4243393168938,3.0,2536.0739204784722
knapsack,RHC,100,400,9,403,2416.885487212199,3.0,2536.0739204784722
knapsack,RHC,100,400,1,403,2270.3541537387673,27.0,2536.0739204784722
knapsack,RHC,100,400,7,403,2301.246134204077,4.0,2536.0739204784722
knapsack,RHC,100,500,0,503,2483.760954290913,11.0,2536.0739204784722
knapsack,RHC,100,500,8,503,2403.2984165031307,6.0,2536.0739204784722
knapsack,RHC,100,500,9,503,2161.2280117859605,8.0,2536.0739204784722
knapsack,RHC,100,500,7,503,2484.448437857338,8.0,2536.0739204784722
knapsack,RHC,100,500,6,503,2429.8217144302957,9.0,2536.0739204784722
knapsack,RHC,100,400,4,403,2311.504567023343,18.0,2536.0739204784722
knapsack,RHC,100,400,0,403,2367.9794955953626,30.0,2536.0739204784722
knapsack,RHC,100,300,8,303,2234.1359148812617,28.0,2536.0739204784722
knapsack,RHC,100,600,2,603,2525.7763894983163,21.0,2536.0739204784722
knapsack,RHC,100,400,5,403,2227.1608965992405,21.0,2536.0739204784722
knapsack,RHC,100,400,3,403,2372.1377159322665,21.0,2536.0739204784722
knapsack,RHC,100,400,8,403,2445.663789283153,5.0,2536.0739204784722
knapsack,RHC,100,400,6,403,2292.140115179267,20.0,2536.0739204784722
knapsack,RHC,100,300,7,303,2201.090514175984,37.0,2536.0739204784722
knapsack,RHC,100,400,2,403,2375.972544196289,31.0,2536.0739204784722
knapsack,RHC,100,600,6,603,2355.327070607087,58.0,2536.0739204784722
knapsack,RHC,100,700,7,703,2536.0739204784722,16.0,2536.0739204784722
knapsack,RHC,100,500,4,503,2313.188631181492,93.0,2536.0739204784722
knapsack,RHC,100,500,5,503,2463.850274563545,94.0,2536.0739204784722
knapsack,RHC,100,600,3,603,2536.0739204784722,107.0,2536.0739204784722
knapsack,RHC,100,500,1,503,2448.91949021115,100.0,2536.0739204784722
knapsack,RHC,100,600,0,603,2465.652240085718,26.0,2536.0739204784722
knapsack,RHC,100,500,3,503,2469.757637087124,81.0,2536.0739204784722
knapsack,RHC,100,600,8,603,2536.0739204784722,93.0,2536.0739204784722
knapsack,RHC,100,500,2,503,2334.3632645844023,93.0,2536.0739204784722
knapsack,RHC,100,700,1,703,2455.7394982377,67.0,2536.0739204784722
knapsack,RHC,100,700,8,703,2482.810377864664,16.0,2536.0739204784722
knapsack,RHC,100,600,9,603,2470.437833345805,63.0,2536.0739204784722
knapsack,RHC,100,600,5,603,2450.366212314461,127.0,2536.0739204784722
knapsack,RHC,100,600,4,603,2483.7825170382694,125.0,2536.0739204784722
knapsack,RHC,100,700,0,703,2464.6344433269674,100.0,2536.0739204784722
knapsack,RHC,100,700,4,703,2492.571276592987,77.0,2536.0739204784722
knapsack,RHC,100,600,1,603,2521.952169223792,78.0,2536.0739204784722
knapsack,SA55,100,1,5,4,1271.4415437614246,27.0,2545.7818031424817
knapsack,SA55,100,1,7,4,1391.877443906497,27.0,2545.7818031424817
knapsack,SA55,100,1,1,4,1282.887710577853,16.0,2545.7818031424817
knapsack,SA55,100,50,9,53,1304.7629355935237,19.0,2545.7818031424817
knapsack,SA55,100,50,3,53,1292.8768655022725,14.0,2545.7818031424817
knapsack,SA55,100,50,5,53,1198.4598677285223,19.0,2545.7818031424817
knapsack,SA55,100,1,9,4,1424.8505624654053,22.0,2545.7818031424817
knapsack,SA55,100,50,6,53,1290.6783393702265,25.0,2545.7818031424817
knapsack,SA55,100,50,1,53,1326.8147649611817,27.0,2545.7818031424817
knapsack,SA55,100,50,7,53,1205.626596840931,28.0,2545.7818031424817
knapsack,SA55,100,50,0,53,1427.0070095164458,28.0,2545.7818031424817
knapsack,SA55,100,1,3,4,1307.1797452836747,31.0,2545.7818031424817
knapsack,SA55,100,1,0,4,1206.9556598854304,30.0,2545.7818031424817
knapsack,SA55,100,50,8,53,1356.7692826310322,34.0,2545.7818031424817
knapsack,SA55,100,50,2,53,1447.6193025299247,4.0,2545.7818031424817
knapsack,SA55,100,1,2,4,1253.8005974576095,0.0,2545.7818031424817
knapsack,SA55,100,100,5,103,1599.7484318236475,3.0,2545.7818031424817
knapsack,SA55,100,100,6,103,1361.5899071036536,4.0,2545.7818031424817
knapsack,SA55,100,1,4,4,1252.4428646816382,0.0,2545.7818031424817
knapsack,SA55,100,1,6,4,916.0992290950993,0.0,2545.7818031424817
knapsack,SA55,100,50,4,53,1256.9592673826874,3.0,2545.7818031424817
knapsack,SA55,100,100,4,103,1371.562745512854,4.0,2545.7818031424817
knapsack,SA55,100,100,7,103,1454.432942997923,4.0,2545.7818031424817
knapsack,SA55,100,1,8,4,1389.1371523174646,0.0,2545.7818031424817
knapsack,SA55,100,100,1,103,1553.8412322664492,17.0,2545.7818031424817
knapsack,SA55,100,100,0,103,1825.3477605593728,16.0,2545.7818031424817
knapsack,SA55,100,100,8,103,1496.697630982348,15.0,2545.7818031424817
knapsack,SA55,100,150,2,153,1997.9634257552577,35.0,2545.7818031424817
knapsack,SA55,100,150,1,153,1872.3869323193271,38.0,2545.7818031424817
knapsack,SA55,100,100,9,103,1951.251803663028,37.0,2545.7818031424817
knapsack,SA55,100,100,2,103,1473.4547873483914,51.0,2545.7818031424817
knapsack,SA55,100,150,8,153,1942.874192504057,2.0,2545.7818031424817
knapsack,RHC,100,700,5,703,2491.977785959538,209.0,2536.0739204784722
knapsack,SA55,100,150,3,153,1890.266585344511,17.0,2545.7818031424817
knapsack,RHC,100,600,7,603,2411.3910071512746,247.0,2536.0739204784722
knapsack,RHC,100,800,0,803,2536.0739204784722,170.0,2536.0739204784722
knapsack,RHC,100,700,2,703,2487.764045774413,241.0,2536.0739204784722
knapsack,RHC,100,1000,3,1003,2518.6890939878162,143.0,2536.0739204784722
knapsack,SA55,100,200,3,203,2037.7410832863927,3.0,2545.7818031424817
knapsack,RHC,100,800,7,803,2536.0739204784722,169.0,2536.0739204784722
knapsack,SA55,100,150,5,153,1879.6423718017459,83.0,2545.7818031424817
knapsack,RHC,100,900,3,903,2495.2916373564217,180.0,2536.0739204784722
knapsack,SA55,100,100,3,103,1451.1121834797575,101.0,2545.7818031424817
knapsack,RHC,100,1000,2,1003,2534.033048330579,227.0,2536.0739204784722
knapsack,SA55,100,200,0,203,2169.8572724317237,4.0,2545.7818031424817
knapsack,SA55,100,150,9,153,1915.6728526643267,3.0,2545.7818031424817
knapsack,RHC,100,1000,5,1003,2489.3057448816717,242.0,2536.0739204784722
knapsack,RHC,100,1000,7,1003,2536.0739204784722,238.0,2536.0739204784722
knapsack,RHC,100,800,6,803,2523.871543555431,246.0,2536.0739204784722
knapsack,SA55,100,200,5,203,1799.5267843208792,20.0,2545.7818031424817
knapsack,SA55,100,150,7,153,1640.3703190030194,4.0,2545.7818031424817
knapsack,SA55,100,200,4,203,1933.3005137665461,6.0,2545.7818031424817
knapsack,SA55,100,200,2,203,1931.7315628359847,6.0,2545.7818031424817
knapsack,SA55,100,150,4,153,1838.695097179972,4.0,2545.7818031424817
knapsack,SA55,100,200,6,203,1823.7150991619887,6.0,2545.7818031424817
knapsack,SA55,100,150,6,153,1590.2317067887313,9.0,2545.7818031424817
knapsack,SA55,100,200,7,203,1807.3008914061868,10.0,2545.7818031424817
knapsack,SA55,100,200,1,203,1743.5468204395336,19.0,2545.7818031424817
knapsack,SA55,100,150,0,153,1889.6258552672848,16.0,2545.7818031424817
knapsack,RHC,100,900,5,903,2536.0739204784722,274.0,2536.0739204784722
knapsack,SA55,100,200,8,203,1846.311436468757,15.0,2545.7818031424817
knapsack,SA55,100,300,9,303,2332.015373861094,77.0,2545.7818031424817
knapsack,SA55,100,300,6,303,2231.4160043326337,62.0,2545.7818031424817
knapsack,SA55,100,300,4,303,2270.5383101714588,16.0,2545.7818031424817
knapsack,SA55,100,300,7,303,2166.1553197106045,86.0,2545.7818031424817
knapsack,RHC,100,1000,8,1003,2492.319822260843,340.0,2536.0739204784722
knapsack,SA55,100,300,2,303,2424.6698815926197,71.0,2545.7818031424817
knapsack,SA55,100,300,5,303,2334.5910799339385,95.0,2545.7818031424817
knapsack,SA55,100,200,9,203,2116.2932006883066,33.0,2545.7818031424817
knapsack,RHC,100,800,9,803,2522.571906646892,404.0,2536.0739204784722
knapsack,SA55,100,300,8,303,2255.0812952080873,104.0,2545.7818031424817
knapsack,SA55,100,300,3,303,2200.295070766534,90.0,2545.7818031424817
knapsack,SA55,100,400,1,403,2298.77802996034,154.0,2545.7818031424817
knapsack,SA55,100,500,2,503,2429.56768969753,177.0,2545.7818031424817
knapsack,SA55,100,700,7,703,2545.7818031424817,17.0,2545.7818031424817
knapsack,SA55,100,500,6,503,2442.302117194971,185.0,2545.7818031424817
knapsack,SA55,100,800,3,803,2514.3069475216794,22.0,2545.7818031424817
knapsack,SA55,100,600,2,603,2512.5003663499656,171.0,2545.7818031424817
knapsack,SA55,100,700,6,703,2477.4548143274565,24.0,2545.7818031424817
knapsack,SA55,100,700,9,703,2529.946925733983,34.0,2545.7818031424817
knapsack,SA55,100,400,7,403,2379.2514509082885,197.0,2545.7818031424817
knapsack,RHC,100,900,8,903,2536.0739204784722,463.0,2536.0739204784722
knapsack,SA55,100,800,0,803,2530.957979426666,54.0,2545.7818031424817
knapsack,SA55,100,400,9,403,2312.1104320064965,210.0,2545.7818031424817
knapsack,SA55,100,600,9,603,2491.010597048501,114.0,2545.7818031424817
knapsack,SA55,100,500,1,503,2476.0096595741943,216.0,2545.7818031424817
knapsack,SA55,100,700,5,703,2468.7267597103173,49.0,2545.7818031424817
knapsack,SA55,100,500,5,503,2463.616655280984,215.0,2545.7818031424817
knapsack,SA55,100,400,8,403,2305.614172386502,175.0,2545.7818031424817
knapsack,SA55,100,600,1,603,2481.173478092513,159.0,2545.7818031424817
knapsack,RHC,100,700,3,703,2437.0372624119545,614.0,2536.0739204784722
knapsack,RHC,100,1000,0,1003,2536.0739204784722,488.0,2536.0739204784722
knapsack,RHC,100,800,3,803,2473.5816692999633,533.0,2536.0739204784722
knapsack,SA55,100,400,5,403,2306.531759631298,245.0,2545.7818031424817
knapsack,SA55,100,700,1,703,2489.6184239352306,120.0,2545.7818031424817
knapsack,SA55,100,700,3,703,2522.436956837357,66.0,2545.7818031424817
knapsack,RHC,100,700,6,703,2536.0739204784722,589.0,2536.0739204784722
knapsack,SA55,100,700,4,703,2489.776020103354,79.0,2545.7818031424817
knapsack,SA55,100,700,2,703,2524.8275864805805,140.0,2545.7818031424817
knapsack,SA55,100,600,6,603,2497.4406260231463,249.0,2545.7818031424817
knapsack,SA55,100,500,4,503,2451.2642787178443,230.0,2545.7818031424817
knapsack,SA55,100,600,4,603,2455.761618037114,243.0,2545.7818031424817
knapsack,SA55,100,400,0,403,2349.029083337382,262.0,2545.7818031424817
knapsack,RHC,100,700,9,703,2536.0739204784722,594.0,2536.0739204784722
knapsack,RHC,100,900,7,903,2536.0739204784722,528.0,2536.0739204784722
knapsack,SA55,100,400,4,403,2346.7812325100113,265.0,2545.7818031424817
knapsack,SA55,100,700,8,703,2479.435516623743,82.0,2545.7818031424817
knapsack,SA55,100,800,2,803,2461.231634079981,46.0,2545.7818031424817
knapsack,SA55,100,400,3,403,2297.7814995861613,253.0,2545.7818031424817
knapsack,RHC,100,1000,6,1003,2536.0739204784722,568.0,2536.0739204784722
knapsack,RHC,100,1000,4,1003,2536.0739204784722,542.0,2536.0739204784722
knapsack,RHC,100,900,2,903,2536.0739204784722,563.0,2536.0739204784722
knapsack,SA55,100,400,2,403,2314.4753782538305,296.0,2545.7818031424817
knapsack,RHC,100,800,8,803,2536.0739204784722,593.0,2536.0739204784722
knapsack,SA55,100,600,0,603,2508.1662893887183,305.0,2545.7818031424817
knapsack,SA55,100,700,0,703,2506.0041101650504,216.0,2545.7818031424817
knapsack,SA55,100,1000,6,1003,2545.7818031424817,28.0,2545.7818031424817
knapsack,SA75,100,1,0,4,1224.9692839563552,0.0,2638.6207188466865
knapsack,SA75,100,1,1,4,1334.7014428466493,0.0,2638.6207188466865
knapsack,SA75,100,1,2,4,1138.619488355089,0.0,2638.6207188466865
knapsack,SA75,100,1,3,4,1197.4226697309598,1.0,2638.6207188466865
knapsack,RHC,100,1000,9,1003,2536.0739204784722,568.0,2536.0739204784722
knapsack,SA55,100,400,6,403,2428.424244113978,308.0,2545.7818031424817
knapsack,SA75,100,1,5,4,1211.7870928808059,0.0,2638.6207188466865
knapsack,SA75,100,1,4,4,1363.512755164968,0.0,2638.6207188466865
knapsack,SA55,100,300,1,303,2253.391433812397,170.0,2545.7818031424817
knapsack,SA75,100,1,6,4,1310.9096788724614,0.0,2638.6207188466865
knapsack,SA75,100,1,8,4,1272.084092964655,0.0,2638.6207188466865
knapsack,SA75,100,1,7,4,1254.687344542822,0.0,2638.6207188466865
knapsack,RHC,100,800,2,803,2519.2084885898003,617.0,2536.0739204784722
knapsack,SA75,100,1,9,4,1289.6326231069609,0.0,2638.6207188466865
knapsack,SA75,100,50,1,53,1146.5820039782238,0.0,2638.6207188466865
knapsack,SA75,100,50,0,53,1390.1232426534295,0.0,2638.6207188466865
knapsack,SA55,100,600,5,603,2398.7328433690386,320.0,2545.7818031424817
knapsack,SA75,100,50,2,53,1408.25891632001,0.0,2638.6207188466865
knapsack,SA75,100,50,3,53,1531.2995678601715,0.0,2638.6207188466865
knapsack,SA55,100,500,3,503,2444.356914196509,318.0,2545.7818031424817
knapsack,SA55,100,600,3,603,2496.2618168007634,327.0,2545.7818031424817
knapsack,SA55,100,500,7,503,2372.7437715712244,336.0,2545.7818031424817
knapsack,RHC,100,800,4,803,2536.0739204784722,626.0,2536.0739204784722
knapsack,RHC,100,900,9,903,2536.0739204784722,624.0,2536.0739204784722
knapsack,SA55,100,600,7,603,2460.1830118063017,203.0,2545.7818031424817
knapsack,RHC,100,1000,1,1003,2536.0739204784722,590.0,2536.0739204784722
knapsack,SA55,100,600,8,603,2494.1767726547782,260.0,2545.7818031424817
knapsack,RHC,100,800,1,803,2507.2354293626404,590.0,2536.0739204784722
knapsack,RHC,100,900,4,903,2495.7847399877123,629.0,2536.0739204784722
knapsack,SA75,100,50,4,53,1180.5162460198344,0.0,2638.6207188466865
knapsack,SA75,100,50,5,53,1335.0498657255246,1.0,2638.6207188466865
knapsack,SA75,100,50,7,53,1135.503788815828,0.0,2638.6207188466865
knapsack,SA55,100,500,0,503,2372.7938659556467,273.0,2545.7818031424817
knapsack,SA75,100,50,6,53,1288.2023949130341,1.0,2638.6207188466865
knapsack,SA75,100,50,8,53,1374.3279364456585,0.0,2638.6207188466865
knapsack,SA75,100,50,9,53,1355.9191519362366,1.0,2638.6207188466865
knapsack,SA55,100,500,8,503,2481.790234389249,351.0,2545.7818031424817
knapsack,SA55,100,500,9,503,2487.979397738127,347.0,2545.7818031424817
knapsack,SA75,100,100,0,103,1458.1833180641745,1.0,2638.6207188466865
knapsack,RHC,100,900,1,903,2536.0739204784722,552.0,2536.0739204784722
knapsack,RHC,100,800,5,803,2442.0992564455655,641.0,2536.0739204784722
knapsack,SA75,100,100,3,103,1325.5063929488356,1.0,2638.6207188466865
knapsack,SA75,100,100,1,103,1413.7673562223542,0.0,2638.6207188466865
knapsack,SA75,100,100,5,103,1553.861560352835,1.0,2638.6207188466865
knapsack,SA55,100,1000,9,1003,2502.6359983659586,36.0,2545.7818031424817
knapsack,SA75,100,100,4,103,1698.6780998525173,1.0,2638.6207188466865
knapsack,SA75,100,100,2,103,1566.724548962637,1.0,2638.6207188466865
knapsack,SA55,100,1000,8,1003,2507.282345136964,31.0,2545.7818031424817
knapsack,SA75,100,100,6,103,1558.4092592976106,2.0,2638.6207188466865
knapsack,SA55,100,800,1,803,2468.617450081467,245.0,2545.7818031424817
knapsack,SA55,100,800,4,803,2528.546724097011,187.0,2545.7818031424817
knapsack,SA75,100,150,0,153,1686.1880893834852,4.0,2638.6207188466865
knapsack,SA75,100,150,2,153,1684.1732529395038,3.0,2638.6207188466865
knapsack,SA75,100,150,8,153,1859.207972244318,4.0,2638.6207188466865
knapsack,SA75,100,150,1,153,1833.754018477035,5.0,2638.6207188466865
knapsack,SA75,100,100,7,103,1183.3965268822953,2.0,2638.6207188466865
knapsack,SA75,100,150,3,153,1777.696921613949,19.0,2638.6207188466865
knapsack,SA75,100,200,0,203,1930.771369752345,9.0,2638.6207188466865
knapsack,SA75,100,100,8,103,1523.434526153338,3.0,2638.6207188466865
knapsack,SA75,100,100,9,103,1644.304028931416,2.0,2638.6207188466865
knapsack,SA55,100,300,0,303,2163.144082764921,205.0,2545.7818031424817
knapsack,SA55,100,800,5,803,2545.7818031424817,227.0,2545.7818031424817
knapsack,SA75,100,150,9,153,1917.3839159720685,5.0,2638.6207188466865
knapsack,SA75,100,150,4,153,1790.7156726196622,5.0,2638.6207188466865
knapsack,SA55,100,1000,7,1003,2545.7818031424817,146.0,2545.7818031424817
knapsack,SA75,100,150,6,153,1716.2878020875924,5.0,2638.6207188466865
knapsack,SA55,100,800,7,803,2545.7818031424817,255.0,2545.7818031424817
knapsack,SA75,100,200,1,203,2111.649197805515,5.0,2638.6207188466865
knapsack,SA75,100,200,2,203,1859.0598952126259,5.0,2638.6207188466865
knapsack,SA75,100,150,5,153,1591.1051234457661,3.0,2638.6207188466865
knapsack,SA75,100,200,4,203,2013.2185422218931,3.0,2638.6207188466865
knapsack,SA55,100,1000,3,1003,2516.8398139605347,205.0,2545.7818031424817
knapsack,SA75,100,200,6,203,1876.8254767699993,2.0,2638.6207188466865
knapsack,SA75,100,200,5,203,2033.0892055522072,3.0,2638.6207188466865
knapsack,SA75,100,200,3,203,1899.6320519241694,27.0,2638.6207188466865
knapsack,SA55,100,900,9,903,2545.7818031424817,204.0,2545.7818031424817
knapsack,RHC,100,900,6,903,2477.775748966786,857.0,2536.0739204784722
knapsack,SA75,100,200,7,203,2084.438895314415,1.0,2638.6207188466865
knapsack,SA75,100,200,9,203,1802.6576130778913,3.0,2638.6207188466865
knapsack,SA75,100,200,8,203,1842.6308234514286,2.0,2638.6207188466865
knapsack,SA75,100,300,0,303,2158.5858295686553,4.0,2638.6207188466865
knapsack,SA75,100,150,7,153,1700.1404670071474,2.0,2638.6207188466865
knapsack,SA75,100,300,1,303,2157.2730934005776,6.0,2638.6207188466865
knapsack,SA55,100,800,6,803,2545.7818031424817,342.0,2545.7818031424817
knapsack,SA55,100,1000,5,1003,2520.707745812622,256.0,2545.7818031424817
knapsack,SA55,100,800,9,803,2493.8008095117225,209.0,2545.7818031424817
knapsack,RHC,100,900,0,903,2536.0739204784722,878.0,2536.0739204784722
knapsack,SA55,100,900,7,903,2545.7818031424817,241.0,2545.7818031424817
knapsack,SA55,100,1000,4,1003,2515.1357314220627,236.0,2545.7818031424817
knapsack,SA55,100,900,3,903,2545.7818031424817,229.0,2545.7818031424817
knapsack,SA55,100,1000,1,1003,2513.1786196988105,255.0,2545.7818031424817
knapsack,SA55,100,900,8,903,2545.7818031424817,247.0,2545.7818031424817
knapsack,SA55,100,1000,2,1003,2545.7818031424817,262.0,2545.7818031424817
knapsack,SA75,100,300,2,303,2153.840617133996,4.0,2638.6207188466865
knapsack,SA55,100,900,1,903,2545.7818031424817,229.0,2545.7818031424817
knapsack,SA55,100,900,0,903,2513.1786196988105,233.0,2545.7818031424817
knapsack,SA75,100,300,3,303,2185.383811582873,4.0,2638.6207188466865
knapsack,SA55,100,900,6,903,2545.7818031424817,256.0,2545.7818031424817
knapsack,SA75,100,300,4,303,2411.2591111276365,3.0,2638.6207188466865
knapsack,SA55,100,900,2,903,2535.68343275533,245.0,2545.7818031424817
knapsack,SA55,100,900,4,903,2545.7818031424817,259.0,2545.7818031424817
knapsack,SA75,100,300,5,303,2183.4126667732635,4.0,2638.6207188466865
knapsack,SA55,100,800,8,803,2520.707745812622,247.0,2545.7818031424817
knapsack,SA55,100,1000,0,1003,2545.7818031424817,285.0,2545.7818031424817
knapsack,SA75,100,300,9,303,2349.179569064721,2.0,2638.6207188466865
knapsack,SA55,100,900,5,903,2545.7818031424817,266.0,2545.7818031424817
knapsack,SA75,100,300,7,303,2190.314755503164,4.0,2638.6207188466865
knapsack,SA75,100,400,7,403,2470.5187520825525,7.0,2638.6207188466865
knapsack,SA75,100,500,4,503,2494.415888602484,8.0,2638.6207188466865
knapsack,SA75,100,400,3,403,2252.6850285116493,8.0,2638.6207188466865
knapsack,SA75,100,400,4,403,2432.9884827176143,8.0,2638.6207188466865
knapsack,SA75,100,500,0,503,2440.481197001574,8.0,2638.6207188466865
knapsack,SA75,100,400,0,403,2369.833637848861,8.0,2638.6207188466865
knapsack,SA75,100,300,8,303,2224.8798256583777,5.0,2638.6207188466865
knapsack,SA75,100,400,1,403,2507.4136406348293,6.0,2638.6207188466865
knapsack,SA75,100,300,6,303,2234.793679162338,7.0,2638.6207188466865
knapsack,SA75,100,500,1,503,2456.3788706682953,8.0,2638.6207188466865
knapsack,SA75,100,500,3,503,2392.143190888763,6.0,2638.6207188466865
knapsack,SA75,100,400,9,403,2329.6127052893503,6.0,2638.6207188466865
knapsack,SA75,100,500,2,503,2387.5215668852898,8.0,2638.6207188466865
knapsack,SA75,100,400,8,403,2183.0107891916173,4.0,2638.6207188466865
knapsack,SA75,100,400,2,403,2307.72039655583,5.0,2638.6207188466865
knapsack,SA75,100,400,5,403,2286.3772135103754,4.0,2638.6207188466865
knapsack,SA75,100,400,6,403,2327.8568611962223,4.0,2638.6207188466865
knapsack,SA75,100,500,8,503,2493.5887931579286,7.0,2638.6207188466865
knapsack,SA75,100,500,7,503,2439.9078748410693,7.0,2638.6207188466865
knapsack,SA75,100,500,6,503,2515.425805518443,9.0,2638.6207188466865
knapsack,SA75,100,500,9,503,2396.917973817171,9.0,2638.6207188466865
knapsack,SA75,100,500,5,503,2451.1396426180286,16.0,2638.6207188466865
knapsack,SA75,100,600,1,603,2523.1210761048483,5.0,2638.6207188466865
knapsack,SA75,100,600,0,603,2568.2704830381613,6.0,2638.6207188466865
knapsack,SA75,100,600,2,603,2638.6207188466865,9.0,2638.6207188466865
knapsack,SA75,100,600,5,603,2541.926060538198,13.0,2638.6207188466865
knapsack,SA75,100,700,7,703,2607.636015964971,19.0,2638.6207188466865
knapsack,SA75,100,700,5,703,2627.23036696798,30.0,2638.6207188466865
knapsack,SA75,100,800,2,803,2630.5313840764725,25.0,2638.6207188466865
knapsack,SA75,100,600,3,603,2528.6522504412646,25.0,2638.6207188466865
knapsack,SA75,100,700,4,703,2585.918594159669,37.0,2638.6207188466865
knapsack,SA75,100,600,4,603,2502.386637034332,62.0,2638.6207188466865
knapsack,SA75,100,600,6,603,2618.8520476065996,63.0,2638.6207188466865
knapsack,SA75,100,700,1,703,2620.8758417414588,36.0,2638.6207188466865
knapsack,SA75,100,600,7,603,2551.1976075829475,20.0,2638.6207188466865
knapsack,SA75,100,800,1,803,2563.751662334486,29.0,2638.6207188466865
knapsack,SA75,100,700,2,703,2516.586341622632,50.0,2638.6207188466865
knapsack,SA75,100,600,9,603,2616.615810763491,50.0,2638.6207188466865
knapsack,SA75,100,600,8,603,2536.0313292070705,26.0,2638.6207188466865
knapsack,SA75,100,700,9,703,2611.252162166642,52.0,2638.6207188466865
knapsack,SA75,100,700,3,703,2611.3902031449866,53.0,2638.6207188466865
knapsack,SA75,100,700,0,703,2455.548633013184,38.0,2638.6207188466865
knapsack,SA75,100,800,0,803,2609.8948578427962,75.0,2638.6207188466865
knapsack,SA75,100,700,6,703,2581.6055060512817,36.0,2638.6207188466865
knapsack,SA75,100,800,5,803,2632.856585357334,20.0,2638.6207188466865
knapsack,SA75,100,800,3,803,2590.2254857053504,54.0,2638.6207188466865
knapsack,SA75,100,700,8,703,2570.2999715271703,49.0,2638.6207188466865
knapsack,SA75,100,800,4,803,2638.6207188466865,48.0,2638.6207188466865
knapsack,SA75,100,800,9,803,2638.6207188466865,20.0,2638.6207188466865
knapsack,SA75,100,800,8,803,2563.803367754665,29.0,2638.6207188466865
knapsack,SA75,100,800,7,803,2638.6207188466865,31.0,2638.6207188466865
knapsack,SA75,100,800,6,803,2638.6207188466865,42.0,2638.6207188466865
knapsack,SA75,100,900,3,903,2540.706091051471,20.0,2638.6207188466865
knapsack,SA75,100,900,0,903,2611.3858108965264,36.0,2638.6207188466865
knapsack,SA75,100,900,1,903,2638.6207188466865,39.0,2638.6207188466865
knapsack,SA75,100,900,2,903,2617.74489200687,37.0,2638.6207188466865
knapsack,SA75,100,900,5,903,2592.187914409552,37.0,2638.6207188466865
knapsack,SA75,100,900,7,903,2638.6207188466865,53.0,2638.6207188466865
knapsack,SA75,100,1000,4,1003,2638.6207188466865,47.0,2638.6207188466865
knapsack,SA75,100,1000,1,1003,2638.6207188466865,49.0,2638.6207188466865
knapsack,SA75,100,900,6,903,2607.362760773415,71.0,2638.6207188466865
knapsack,SA75,100,900,9,903,2638.6207188466865,60.0,2638.6207188466865
knapsack,SA75,100,900,4,903,2600.7529167477956,93.0,2638.6207188466865
knapsack,SA75,100,900,8,903,2628.946372799244,55.0,2638.6207188466865
knapsack,SA75,100,1000,2,1003,2638.6207188466865,66.0,2638.6207188466865
knapsack,SA75,100,1000,0,1003,2613.837909833618,75.0,2638.6207188466865
knapsack,SA75,100,1000,3,1003,2638.6207188466865,81.0,2638.6207188466865
knapsack,SA95,100,1,1,4,1545.4103280944264,0.0,2486.0594839850983
knapsack,SA95,100,1,0,4,1145.7160348208422,0.0,2486.0594839850983
knapsack,SA95,100,1,3,4,1140.2479209563041,0.0,2486.0594839850983
knapsack,SA95,100,1,2,4,1177.5750021107124,0.0,2486.0594839850983
knapsack,SA95,100,1,5,4,928.6231516327932,0.0,2486.0594839850983
knapsack,SA95,100,1,4,4,1071.1680403867294,0.0,2486.0594839850983
knapsack,SA95,100,1,7,4,1517.0000012809385,0.0,2486.0594839850983
knapsack,SA95,100,1,6,4,1067.0383100143308,0.0,2486.0594839850983
knapsack,SA95,100,1,8,4,1344.9793802143372,0.0,2486.0594839850983
knapsack,SA75,100,1000,7,1003,2638.6207188466865,78.0,2638.6207188466865
knapsack,SA95,100,1,9,4,1242.2439914423796,0.0,2486.0594839850983
knapsack,SA95,100,50,0,53,1402.3352369129561,1.0,2486.0594839850983
knapsack,SA95,100,50,1,53,1154.8683919734083,0.0,2486.0594839850983
knapsack,SA95,100,50,2,53,1125.6663461253477,0.0,2486.0594839850983
knapsack,SA95,100,50,3,53,1200.1569599017378,0.0,2486.0594839850983
knapsack,SA95,100,50,5,53,1236.4381944732945,1.0,2486.0594839850983
knapsack,SA95,100,50,6,53,1328.8224732915123,1.0,2486.0594839850983
knapsack,SA95,100,50,8,53,1524.3082097812085,0.0,2486.0594839850983
knapsack,SA95,100,50,7,53,1126.1932143626025,0.0,2486.0594839850983
knapsack,SA75,100,1000,5,1003,2638.6207188466865,68.0,2638.6207188466865
knapsack,SA95,100,50,9,53,1214.9153590445342,0.0,2486.0594839850983
knapsack,SA75,100,1000,6,1003,2638.6207188466865,93.0,2638.6207188466865
knapsack,SA95,100,100,0,103,1149.481170964225,1.0,2486.0594839850983
knapsack,SA95,100,100,1,103,1285.759095839073,0.0,2486.0594839850983
knapsack,SA75,100,1000,8,1003,2605.8438161476874,78.0,2638.6207188466865
knapsack,SA95,100,150,4,153,1419.1116604354215,1.0,2486.0594839850983
knapsack,SA75,100,1000,9,1003,2638.6207188466865,65.0,2638.6207188466865
knapsack,SA95,100,150,5,153,1135.9382267240853,1.0,2486.0594839850983
knapsack,SA95,100,150,9,153,1252.093333127878,0.0,2486.0594839850983
knapsack,SA95,100,100,2,103,1154.8126383755612,4.0,2486.0594839850983
knapsack,SA95,100,100,4,103,1153.8627595577186,6.0,2486.0594839850983
knapsack,SA95,100,100,3,103,1203.8472672411206,5.0,2486.0594839850983
knapsack,SA95,100,150,0,153,859.0228418213019,6.0,2486.0594839850983
knapsack,SA95,100,100,9,103,1206.4391048548705,8.0,2486.0594839850983
knapsack,SA95,100,150,3,153,1035.7173558007544,9.0,2486.0594839850983
knapsack,SA95,100,150,2,153,1091.9920499463694,9.0,2486.0594839850983
knapsack,SA95,100,200,2,203,1228.1442886088653,4.0,2486.0594839850983
knapsack,SA95,100,150,7,153,1149.729076186954,8.0,2486.0594839850983
knapsack,SA95,100,100,7,103,1092.3763747622297,9.0,2486.0594839850983
knapsack,SA95,100,100,6,103,1302.0079665793562,10.0,2486.0594839850983
knapsack,SA95,100,150,1,153,1507.3769059331742,10.0,2486.0594839850983
knapsack,SA95,100,100,8,103,1284.4887746014256,10.0,2486.0594839850983
knapsack,SA95,100,150,6,153,1295.0211420343942,10.0,2486.0594839850983
knapsack,SA95,100,200,5,203,1210.784246343915,1.0,2486.0594839850983
knapsack,SA95,100,200,1,203,957.2512458115132,9.0,2486.0594839850983
knapsack,SA95,100,100,5,103,1024.7497908877378,10.0,2486.0594839850983
knapsack,SA95,100,200,0,203,1213.7551456847855,10.0,2486.0594839850983
knapsack,SA95,100,200,6,203,1290.837633909496,1.0,2486.0594839850983
knapsack,SA95,100,50,4,53,1614.1625445035215,21.0,2486.0594839850983
knapsack,SA95,100,150,8,153,1264.8305509249035,11.0,2486.0594839850983
knapsack,SA95,100,200,7,203,1195.5135593703285,1.0,2486.0594839850983
knapsack,SA95,100,200,9,203,1063.5697848817445,1.0,2486.0594839850983
knapsack,SA95,100,300,0,303,1415.8122293756633,1.0,2486.0594839850983
knapsack,SA95,100,200,3,203,1037.2318185465483,10.0,2486.0594839850983
knapsack,SA95,100,300,2,303,1455.2256805254967,3.0,2486.0594839850983
knapsack,SA95,100,300,4,303,1353.3200397650069,3.0,2486.0594839850983
knapsack,SA95,100,200,8,203,1411.077867290272,4.0,2486.0594839850983
knapsack,SA95,100,300,1,303,1373.8915892017458,6.0,2486.0594839850983
knapsack,SA95,100,300,3,303,1438.6238921311187,3.0,2486.0594839850983
knapsack,SA95,100,200,4,203,1041.6124869696923,17.0,2486.0594839850983
knapsack,SA95,100,300,6,303,1287.0043056476889,2.0,2486.0594839850983
knapsack,SA95,100,300,7,303,1296.522555273051,2.0,2486.0594839850983
knapsack,SA95,100,300,5,303,1373.6910336705628,2.0,2486.0594839850983
knapsack,SA95,100,400,5,403,1272.7014702613817,37.0,2486.0594839850983
knapsack,SA95,100,400,3,403,1264.0092981096852,42.0,2486.0594839850983
knapsack,SA95,100,600,2,603,2050.6949162213327,43.0,2486.0594839850983
knapsack,SA95,100,600,5,603,1941.6675462076125,49.0,2486.0594839850983
knapsack,SA95,100,400,4,403,1299.122695125358,51.0,2486.0594839850983
knapsack,SA95,100,800,0,803,2330.932797899627,50.0,2486.0594839850983
knapsack,SA95,100,300,9,303,1210.1336693035641,58.0,2486.0594839850983
knapsack,SA95,100,900,3,903,2437.7225217581904,57.0,2486.0594839850983
knapsack,SA95,100,600,0,603,1850.0248534558293,65.0,2486.0594839850983
knapsack,SA95,100,400,6,403,1215.5816318596396,69.0,2486.0594839850983
knapsack,SA95,100,800,9,803,2424.310149523291,63.0,2486.0594839850983
knapsack,SA95,100,1000,4,1003,2395.975387043773,71.0,2486.0594839850983
knapsack,SA95,100,1000,5,1003,2326.78597274654,90.0,2486.0594839850983
knapsack,SA95,100,500,7,503,1628.8575965989153,99.0,2486.0594839850983
knapsack,SA95,100,700,7,703,1928.9494994482134,102.0,2486.0594839850983
knapsack,SA95,100,400,2,403,1196.4958360005612,110.0,2486.0594839850983
knapsack,SA95,100,400,1,403,1182.4256819351606,114.0,2486.0594839850983
knapsack,SA95,100,500,5,503,1588.1876630112133,112.0,2486.0594839850983
knapsack,SA95,100,500,1,503,1767.3020791519173,82.0,2486.0594839850983
knapsack,GALowPop,100,1,7,258,1562.5562384215648,118.0,2352.9796457366506
knapsack,GALowPop,100,1,1,253,1453.4280813882992,127.0,2352.9796457366506
knapsack,SA95,100,600,3,603,2089.4133482212037,130.0,2486.0594839850983
knapsack,SA95,100,700,5,703,2307.9018485383526,125.0,2486.0594839850983
knapsack,SA95,100,600,8,603,2081.6843903047284,87.0,2486.0594839850983
knapsack,SA95,100,700,2,703,2130.7418082145614,147.0,2486.0594839850983
knapsack,GALowPop,100,1,6,258,1561.391495603929,136.0,2352.9796457366506
knapsack,SA95,100,700,9,703,2305.5745010010974,151.0,2486.0594839850983
knapsack,SA95,100,500,6,503,1622.0182715496358,158.0,2486.0594839850983
knapsack,SA95,100,300,8,303,941.829563675408,165.0,2486.0594839850983
knapsack,GALowPop,100,1,4,257,1497.6034182736494,161.0,2352.9796457366506
knapsack,GALowPop,100,1,0,255,1574.1694217021955,121.0,2352.9796457366506
knapsack,SA95,100,900,5,903,2446.129268055057,174.0,2486.0594839850983
knapsack,SA95,100,600,6,603,2021.4949370583124,183.0,2486.0594839850983
knapsack,GALowPop,100,1,3,254,1661.2884828182405,140.0,2352.9796457366506
knapsack,SA95,100,900,9,903,2463.8336935250813,186.0,2486.0594839850983
knapsack,SA95,100,400,7,403,1492.7514925270677,193.0,2486.0594839850983
knapsack,SA95,100,400,8,403,1028.3264711046977,197.0,2486.0594839850983
knapsack,SA95,100,500,4,503,1878.4357120440657,196.0,2486.0594839850983
knapsack,GALowPop,100,50,2,4050,1800.0402999612136,193.0,2352.9796457366506
knapsack,SA95,100,600,7,603,1924.3158874119408,201.0,2486.0594839850983
knapsack,SA95,100,800,7,803,2278.0544069232833,199.0,2486.0594839850983
knapsack,SA95,100,700,8,703,2239.213922101555,204.0,2486.0594839850983
knapsack,GALowPop,100,1,5,258,1511.377780928084,205.0,2352.9796457366506
knapsack,SA95,100,500,3,503,1491.8297409598301,213.0,2486.0594839850983
knapsack,SA95,100,500,9,503,1766.3121590929827,222.0,2486.0594839850983
knapsack,GALowPop,100,1,2,257,1537.9667536033705,219.0,2352.9796457366506
knapsack,SA95,100,400,9,403,1227.5657506359864,229.0,2486.0594839850983
knapsack,SA95,100,1000,8,1003,2486.0594839850983,231.0,2486.0594839850983
knapsack,SA95,100,1000,2,1003,2423.5658698295797,233.0,2486.0594839850983
knapsack,SA95,100,700,4,703,2173.541233344973,241.0,2486.0594839850983
knapsack,SA95,100,500,0,503,1778.8944699836672,242.0,2486.0594839850983
knapsack,GALowPop,100,50,5,4050,1895.9626348102943,223.0,2352.9796457366506
knapsack,SA95,100,800,8,803,2298.4569373108534,241.0,2486.0594839850983
knapsack,SA95,100,500,2,503,1580.4016638917747,246.0,2486.0594839850983
knapsack,SA95,100,900,0,903,2284.297519901234,243.0,2486.0594839850983
knapsack,SA95,100,500,8,503,1900.14717426255,251.0,2486.0594839850983
knapsack,SA95,100,900,7,903,2324.5397145153265,250.0,2486.0594839850983
knapsack,SA95,100,800,6,803,2246.681263689925,251.0,2486.0594839850983
knapsack,SA95,100,700,1,703,2035.6643007354,264.0,2486.0594839850983
knapsack,GALowPop,100,50,8,4048,1880.0873942975575,258.0,2352.9796457366506
knapsack,SA95,100,900,2,903,2317.7185819273514,266.0,2486.0594839850983
knapsack,SA95,100,800,4,803,2329.3090809329815,257.0,2486.0594839850983
knapsack,SA95,100,800,2,803,2438.6167225510912,271.0,2486.0594839850983
knapsack,SA95,100,900,6,903,2413.6560047438584,271.0,2486.0594839850983
knapsack,SA95,100,900,1,903,2407.1457835020483,272.0,2486.0594839850983
knapsack,SA95,100,700,3,703,2161.763044547336,281.0,2486.0594839850983
knapsack,SA95,100,900,8,903,2365.3731256322967,275.0,2486.0594839850983
knapsack,SA95,100,1000,1,1003,2408.077759238575,283.0,2486.0594839850983
knapsack,SA95,100,1000,3,1003,2480.83019913178,286.0,2486.0594839850983
knapsack,SA95,100,1000,7,1003,2317.6247276015824,286.0,2486.0594839850983
knapsack,GALowPop,100,1,8,256,1528.8392105662915,289.0,2352.9796457366506
knapsack,GALowPop,100,1,9,255,1546.394867633224,289.0,2352.9796457366506
knapsack,SA95,100,800,5,803,2268.211557664004,108.0,2486.0594839850983
knapsack,SA95,100,400,0,403,1313.5768323529453,119.0,2486.0594839850983
knapsack,GALowPop,100,50,6,4065,1841.3237178638396,301.0,2352.9796457366506
knapsack,SA95,100,600,4,603,1790.6712907675442,306.0,2486.0594839850983
knapsack,GALowPop,100,50,7,4055,1910.4366262563349,299.0,2352.9796457366506
knapsack,SA95,100,700,6,703,1996.2314326830963,314.0,2486.0594839850983
knapsack,SA95,100,800,1,803,2354.332520516959,293.0,2486.0594839850983
knapsack,SA95,100,700,0,703,2320.4756763034375,311.0,2486.0594839850983
knapsack,SA95,100,1000,9,1003,2448.4830535092347,312.0,2486.0594839850983
knapsack,SA95,100,1000,6,1003,2417.60425257164,306.0,2486.0594839850983
knapsack,SA95,100,900,4,903,2352.7546172463376,301.0,2486.0594839850983
knapsack,SA95,100,600,1,603,2070.8843212205297,320.0,2486.0594839850983
knapsack,SA95,100,1000,0,1003,2463.045703569738,304.0,2486.0594839850983
knapsack,SA95,100,800,3,803,2381.2431016045152,313.0,2486.0594839850983
knapsack,SA95,100,600,9,603,2027.7337584041852,319.0,2486.0594839850983
knapsack,GALowPop,100,50,1,4032,1902.158467170634,315.0,2352.9796457366506
knapsack,GALowPop,100,50,0,4049,1844.2356863151365,369.0,2352.9796457366506
knapsack,GALowPop,100,50,3,4057,1914.22439744764,430.0,2352.9796457366506
knapsack,GALowPop,100,50,4,4052,1885.9485795380938,634.0,2352.9796457366506
knapsack,GALowPop,100,50,9,4052,1862.5240094907135,1559.0,2352.9796457366506
knapsack,GALowPop,100,100,0,7901,2072.7201907631943,2477.0,2352.9796457366506
knapsack,GALowPop,100,100,4,7906,2075.619423954838,2524.0,2352.9796457366506
knapsack,GALowPop,100,100,7,7910,1928.2283432821725,2809.0,2352.9796457366506
knapsack,GALowPop,100,100,9,7915,1903.7696209267588,2905.0,2352.9796457366506
knapsack,GAHighPop,100,1,1,1445,1663.5444280729394,964.0,2549.3166471116265
knapsack,GAHighPop,100,1,7,1431,1746.9825971996104,666.0,2549.3166471116265
knapsack,GAHighPop,100,1,4,1437,1763.4745244438052,958.0,2549.3166471116265
knapsack,GAHighPop,100,1,6,1439,1849.0510635256032,865.0,2549.3166471116265
knapsack,GAHighPop,100,1,5,1438,1732.7714419121962,981.0,2549.3166471116265
knapsack,GAHighPop,100,1,8,1439,1793.5557720685479,867.0,2549.3166471116265
knapsack,GAHighPop,100,1,0,1444,1695.1668212466836,1931.0,2549.3166471116265
knapsack,GALowPop,100,150,3,11794,2024.024011651559,5682.0,2352.9796457366506
knapsack,GALowPop,100,150,4,11816,1946.279507356993,5914.0,2352.9796457366506
knapsack,GAHighPop,100,1,2,1431,1681.7158769045734,3335.0,2549.3166471116265
knapsack,GAHighPop,100,1,3,1441,1702.5902210013762,3391.0,2549.3166471116265
knapsack,GAHighPop,100,1,9,1433,1847.7018751705266,3189.0,2549.3166471116265
knapsack,GALowPop,100,150,8,11793,2057.884698154731,6311.0,2352.9796457366506
knapsack,GALowPop,100,100,8,7922,1850.621752941082,8697.0,2352.9796457366506
knapsack,GALowPop,100,100,2,7924,2052.514168181693,8858.0,2352.9796457366506
knapsack,GALowPop,100,200,0,15652,1982.4484183135687,10967.0,2352.9796457366506
knapsack,GALowPop,100,150,7,11808,2018.710315651763,12540.0,2352.9796457366506
knapsack,GALowPop,100,100,1,7917,1956.16791591928,13438.0,2352.9796457366506
knapsack,GALowPop,100,150,5,11803,2097.4150115094344,13451.0,2352.9796457366506
knapsack,GALowPop,100,200,2,15662,2112.8673675960777,13829.0,2352.9796457366506
knapsack,GALowPop,100,100,6,7908,2006.556016505176,14576.0,2352.9796457366506
knapsack,GALowPop,100,150,9,11809,2087.226080944993,14777.0,2352.9796457366506
knapsack,MIMIC50,100,1,2,151,1920.9315594644493,5852.0,2512.4606311362863
knapsack,GAHighPop,100,50,9,21974,2141.597460603345,13659.0,2549.3166471116265
knapsack,GAHighPop,100,100,5,42953,2316.859792151739,13405.0,2549.3166471116265
knapsack,GAHighPop,100,150,9,63881,2431.84217687222,13032.0,2549.3166471116265
knapsack,GAHighPop,100,400,5,168590,2514.6494611841144,14361.0,2549.3166471116265
knapsack,GALowPop,100,150,1,11808,2069.395125337436,20571.0,2352.9796457366506
knapsack,MIMIC50,100,1,7,151,1768.2719088583228,10313.0,2512.4606311362863
knapsack,MIMIC50,100,1,4,151,1776.8893160572943,10663.0,2512.4606311362863
knapsack,GALowPop,100,150,6,11788,2082.228541968493,21309.0,2352.9796457366506
knapsack,MIMIC50,100,1,0,151,1777.674494793775,6258.0,2512.4606311362863
knapsack,MIMIC50,100,1,8,151,1761.4225166862916,11641.0,2512.4606311362863
knapsack,MIMIC50,100,1,9,151,1670.5043289685102,6082.0,2512.4606311362863
knapsack,GALowPop,100,200,1,15665,2075.1074895334573,22563.0,2352.9796457366506
knapsack,MIMIC50,100,1,5,151,1718.428970331599,12773.0,2512.4606311362863
knapsack,MIMIC50,100,1,6,151,1844.553053284439,12832.0,2512.4606311362863
knapsack,GALowPop,100,100,3,7921,1980.2944513337707,23772.0,2352.9796457366506
knapsack,MIMIC200,100,1,1,601,2010.3547400115206,6359.0,2724.8979144978034
knapsack,MIMIC50,100,1,1,151,1915.094535772021,9881.0,2512.4606311362863
knapsack,MIMIC200,100,1,8,601,1926.6297214661538,8190.0,2724.8979144978034
knapsack,GALowPop,100,150,2,11784,2035.6147041166173,25201.0,2352.9796457366506
knapsack,MIMIC200,100,1,2,601,1901.9750042914534,9156.0,2724.8979144978034
knapsack,MIMIC200,100,1,6,601,1979.6701340402908,9206.0,2724.8979144978034
knapsack,MIMIC50,100,1,3,151,1847.845487977665,15878.0,2512.4606311362863
knapsack,MIMIC200,100,1,5,601,1973.2324826331562,9534.0,2724.8979144978034
knapsack,GALowPop,100,100,5,7905,2013.0835308115277,26429.0,2352.9796457366506
knapsack,MIMIC200,100,1,9,601,1940.8900992763126,10840.0,2724.8979144978034
knapsack,MIMIC200,100,1,4,601,1909.021065624153,8632.0,2724.8979144978034
knapsack,MIMIC200,100,1,7,601,1960.1939144835856,14271.0,2724.8979144978034
knapsack,MIMIC200,100,1,0,601,1919.0775020326619,11293.0,2724.8979144978034
knapsack,GALowPop,100,300,6,23384,2074.018952452152,31722.0,2352.9796457366506
knapsack,GALowPop,100,300,7,23411,2122.8721228323993,32335.0,2352.9796457366506
knapsack,GALowPop,100,150,0,11782,2097.970870639761,33445.0,2352.9796457366506
knapsack,MIMIC200,100,1,3,601,2027.4706914873634,14168.0,2724.8979144978034
knapsack,GALowPop,100,200,9,15648,2140.5089564045093,34209.0,2352.9796457366506
knapsack,GALowPop,100,200,3,15641,2026.2685755254315,37002.0,2352.9796457366506
knapsack,GAHighPop,100,50,2,21981,2135.7517848933994,36047.0,2549.3166471116265
knapsack,GALowPop,100,200,6,15645,2017.1596568622017,38888.0,2352.9796457366506
knapsack,MIMIC50,100,50,0,2601,2485.2497427364206,32043.0,2512.4606311362863
knapsack,GALowPop,100,200,5,15662,1956.6626450279384,43212.0,2352.9796457366506
knapsack,GALowPop,100,200,7,15670,2168.004011624394,43915.0,2352.9796457366506
knapsack,MIMIC50,100,50,2,2601,2489.560549683862,34511.0,2512.4606311362863
knapsack,GALowPop,100,300,5,23422,2124.9940301730967,45119.0,2352.9796457366506
knapsack,GAHighPop,100,50,7,21954,2234.874036906297,42317.0,2549.3166471116265
knapsack,MIMIC50,100,50,1,2601,2463.9858918284194,35423.0,2512.4606311362863
knapsack,MIMIC50,100,50,8,2601,2492.0634790090285,37387.0,2512.4606311362863
knapsack,MIMIC50,100,50,3,2601,2507.098134003415,38850.0,2512.4606311362863
knapsack,MIMIC50,100,100,5,5101,2505.7834434051933,41733.0,2512.4606311362863
knapsack,GALowPop,100,300,4,23381,2127.5395780612766,52614.0,2352.9796457366506
knapsack,MIMIC50,100,50,6,2601,2491.1526977136964,42227.0,2512.4606311362863
knapsack,GALowPop,100,300,9,23436,2163.1373750352973,53603.0,2352.9796457366506
knapsack,GALowPop,100,400,9,31107,2094.0340718002485,53600.0,2352.9796457366506
knapsack,GALowPop,100,400,8,31201,2082.3110178521583,53748.0,2352.9796457366506
knapsack,GALowPop,100,300,3,23387,2146.1976656453967,54661.0,2352.9796457366506
knapsack,GALowPop,100,200,4,15626,2088.158018316526,55506.0,2352.9796457366506
knapsack,GAHighPop,100,50,6,21968,2163.9577542838056,53198.0,2549.3166471116265
knapsack,MIMIC50,100,50,9,2601,2470.027710715676,45603.0,2512.4606311362863
knapsack,MIMIC50,100,50,4,2601,2485.911962479736,46170.0,2512.4606311362863
knapsack,MIMIC50,100,50,5,2601,2495.7326870376073,46614.0,2512.4606311362863
knapsack,GALowPop,100,300,2,23410,2140.3658791843873,57404.0,2352.9796457366506
knapsack,GALowPop,100,300,1,23385,2061.2785584222224,57703.0,2352.9796457366506
knapsack,GALowPop,100,300,0,23398,2141.674223342371,57901.0,2352.9796457366506
knapsack,GALowPop,100,200,8,15655,2183.6509526870836,58226.0,2352.9796457366506
knapsack,MIMIC50,100,50,7,2601,2493.004209362401,47888.0,2512.4606311362863
knapsack,GAHighPop,100,50,0,21980,2175.221868934679,55916.0,2549.3166471116265
knapsack,GAHighPop,100,50,8,21928,2216.4602183945444,58058.0,2549.3166471116265
knapsack,MIMIC50,100,100,6,5101,2509.2740251209325,50217.0,2512.4606311362863
knapsack,GALowPop,100,400,1,31120,2139.9924719947003,63454.0,2352.9796457366506
knapsack,GALowPop,100,300,8,23371,2106.3032679513603,64300.0,2352.9796457366506
knapsack,GAHighPop,100,50,3,21977,2186.266562233271,61914.0,2549.3166471116265
knapsack,MIMIC50,100,100,3,5101,2511.2430040827176,55517.0,2512.4606311362863
knapsack,GALowPop,100,400,7,31111,2107.568295176993,67169.0,2352.9796457366506
knapsack,GALowPop,100,500,0,38889,2074.3624471749135,69393.0,2352.9796457366506
knapsack,GAHighPop,100,50,1,22026,2151.3852977095175,67052.0,2549.3166471116265
knapsack,MIMIC50,100,100,0,5101,2507.434266111661,62598.0,2512.4606311362863
knapsack,MIMIC50,100,100,8,5101,2512.0619269067333,63317.0,2512.4606311362863
knapsack,MIMIC50,100,100,1,5101,2501.4981313579137,64646.0,2512.4606311362863
knapsack,MIMIC50,100,100,2,5101,2505.566975803761,65206.0,2512.4606311362863
knapsack,GALowPop,100,400,6,31113,1975.2626551171072,77916.0,2352.9796457366506
knapsack,MIMIC50,100,100,4,5101,2509.7996731186527,68818.0,2512.4606311362863
knapsack,GALowPop,100,500,8,38862,2150.1334794359495,79978.0,2352.9796457366506
knapsack,MIMIC50,100,150,2,7601,2512.0522992369906,69764.0,2512.4606311362863
knapsack,GALowPop,100,600,4,46642,2103.654402280219,81118.0,2352.9796457366506
knapsack,MIMIC50,100,150,3,7601,2504.9487545888014,70870.0,2512.4606311362863
knapsack,GAHighPop,100,50,4,21978,2126.0253948224254,79291.0,2549.3166471116265
knapsack,MIMIC50,100,100,7,5101,2503.245531147768,71393.0,2512.4606311362863
knapsack,GAHighPop,100,50,5,21958,2235.73000315989,79811.0,2549.3166471116265
knapsack,MIMIC50,100,100,9,5101,2501.5750838261415,71942.0,2512.4606311362863
knapsack,GAHighPop,100,100,6,42899,2441.2828846091948,77626.0,2549.3166471116265
knapsack,GAHighPop,100,100,4,42946,2330.5507484643426,82327.0,2549.3166471116265
knapsack,MIMIC50,100,150,1,7601,2511.4864368362855,76561.0,2512.4606311362863
knapsack,GALowPop,100,400,3,31141,2070.628265797324,88790.0,2352.9796457366506
knapsack,MIMIC50,100,150,4,7601,2510.899984073797,79152.0,2512.4606311362863
knapsack,MIMIC50,100,150,7,7601,2510.041307265201,82094.0,2512.4606311362863
knapsack,GALowPop,100,500,1,38831,2165.512268846767,94796.0,2352.9796457366506
knapsack,GAHighPop,100,100,9,42953,2314.692197979128,91627.0,2549.3166471116265
knapsack,GALowPop,100,500,6,38869,2043.6981480401541,95011.0,2352.9796457366506
knapsack,GALowPop,100,400,0,31126,1952.7407895396104,95786.0,2352.9796457366506
knapsack,GALowPop,100,500,5,38861,2022.6332083500442,95677.0,2352.9796457366506
knapsack,MIMIC50,100,150,8,7601,2508.300863980239,84708.0,2512.4606311362863
knapsack,GALowPop,100,600,3,46638,2109.753541930712,95594.0,2352.9796457366506
knapsack,MIMIC200,100,50,1,10401,2713.404739631948,80525.0,2724.8979144978034
knapsack,MIMIC50,100,150,5,7601,2505.538085591405,86050.0,2512.4606311362863
knapsack,GALowPop,100,400,5,31151,2163.8189685190378,97435.0,2352.9796457366506
knapsack,GALowPop,100,600,2,46586,2090.2629576948807,97343.0,2352.9796457366506
knapsack,GALowPop,100,700,4,54322,2115.7924684356763,97377.0,2352.9796457366506
knapsack,MIMIC50,100,150,9,7601,2511.0877326067325,87042.0,2512.4606311362863
knapsack,MIMIC200,100,50,6,10401,2721.5571545777516,82145.0,2724.8979144978034
knapsack,GALowPop,100,600,1,46617,2142.686232555826,98807.0,2352.9796457366506
knapsack,MIMIC200,100,50,9,10401,2724.8979144978034,84395.0,2724.8979144978034
knapsack,GALowPop,100,500,9,38940,2068.2657181057766,101263.0,2352.9796457366506
knapsack,MIMIC50,100,150,6,7601,2510.2688097827167,90728.0,2512.4606311362863
knapsack,GALowPop,100,400,4,31133,2213.98507101516,102015.0,2352.9796457366506
knapsack,GALowPop,100,500,2,38872,2164.6356691936844,101880.0,2352.9796457366506
knapsack,GAHighPop,100,100,7,42880,2362.7131579002044,99560.0,2549.3166471116265
knapsack,MIMIC50,100,200,9,10101,2512.4606311362863,92828.0,2512.4606311362863
knapsack,GAHighPop,100,100,2,42926,2286.919998732264,102957.0,2549.3166471116265
knapsack,GALowPop,100,400,2,31124,2173.6410408896486,106031.0,2352.9796457366506
knapsack,MIMIC50,100,200,0,10101,2510.041307265201,95720.0,2512.4606311362863
knapsack,GALowPop,100,600,7,46537,2103.8549242210306,107180.0,2352.9796457366506
knapsack,MIMIC200,100,50,8,10401,2708.576176264574,91459.0,2724.8979144978034
knapsack,GALowPop,100,500,7,38881,2075.0613608827157,108729.0,2352.9796457366506
knapsack,MIMIC50,100,150,0,7601,2510.899984073797,98138.0,2512.4606311362863
knapsack,MIMIC50,100,200,1,10101,2505.6892680451742,98715.0,2512.4606311362863
knapsack,GALowPop,100,700,7,54351,2186.83204733343,109312.0,2352.9796457366506
knapsack,GALowPop,100,600,9,46585,2180.7159416392315,109923.0,2352.9796457366506
knapsack,GAHighPop,100,100,0,42865,2399.948063494543,107843.0,2549.3166471116265
knapsack,GAHighPop,100,100,3,42843,2419.0342354277545,108274.0,2549.3166471116265
knapsack,MIMIC200,100,50,3,10401,2716.403791785776,95732.0,2724.8979144978034
knapsack,MIMIC200,100,50,4,10401,2696.1352796969386,96858.0,2724.8979144978034
knapsack,MIMIC50,100,200,4,10101,2508.300863980239,102433.0,2512.4606311362863
knapsack,MIMIC50,100,200,8,10101,2512.0619269067333,102621.0,2512.4606311362863
knapsack,MIMIC50,100,200,7,10101,2512.4606311362863,103011.0,2512.4606311362863
knapsack,MIMIC200,100,50,5,10401,2724.06067080927,99164.0,2724.8979144978034
knapsack,MIMIC200,100,50,0,10401,2721.625804923241,99232.0,2724.8979144978034
knapsack,MIMIC200,100,50,2,10401,2717.4478013146563,100379.0,2724.8979144978034
knapsack,MIMIC50,100,200,6,10101,2512.4606311362863,106435.0,2512.4606311362863
knapsack,MIMIC50,100,200,3,10101,2507.616174707386,108078.0,2512.4606311362863
knapsack,GALowPop,100,600,6,46577,2158.8574174122914,119617.0,2352.9796457366506
knapsack,GALowPop,100,500,4,38869,2220.014328298817,120687.0,2352.9796457366506
knapsack,MIMIC200,100,50,7,10401,2724.8979144978034,104939.0,2724.8979144978034
knapsack,GAHighPop,100,100,1,42941,2391.7560416851784,118405.0,2549.3166471116265
knapsack,GALowPop,100,700,5,54409,2192.798329593149,121541.0,2352.9796457366506
knapsack,GALowPop,100,700,8,54397,2160.0934950664428,124114.0,2352.9796457366506
knapsack,MIMIC50,100,200,2,10101,2511.2430040827176,114888.0,2512.4606311362863
knapsack,GALowPop,100,600,5,46619,2081.6442050957176,128736.0,2352.9796457366506
knapsack,MIMIC50,100,200,5,10101,2510.041307265201,119490.0,2512.4606311362863
knapsack,GALowPop,100,700,6,54343,2007.385597806862,130494.0,2352.9796457366506
knapsack,GALowPop,100,700,1,54373,2103.9319975782873,132641.0,2352.9796457366506
knapsack,GALowPop,100,900,0,69780,2176.6029136563216,133256.0,2352.9796457366506
knapsack,GALowPop,100,500,3,38846,2108.294096683904,134329.0,2352.9796457366506
knapsack,GALowPop,100,700,0,54357,2196.1801232462153,135399.0,2352.9796457366506
knapsack,GALowPop,100,800,8,62020,2155.3758788679265,137146.0,2352.9796457366506
knapsack,GALowPop,100,600,8,46579,2083.9764700494707,139176.0,2352.9796457366506
knapsack,GALowPop,100,600,0,46596,2209.9562854334667,139778.0,2352.9796457366506
knapsack,MIMIC50,100,300,0,15101,2512.4606311362863,128499.0,2512.4606311362863
knapsack,GAHighPop,100,100,8,42931,2405.8206997398743,137663.0,2549.3166471116265
knapsack,GALowPop,100,1000,3,77592,2169.7753631291384,140738.0,2352.9796457366506
knapsack,GALowPop,100,700,9,54272,2100.1669288953244,141902.0,2352.9796457366506
knapsack,GALowPop,100,700,3,54347,2114.250054875747,142699.0,2352.9796457366506
knapsack,MIMIC50,100,300,2,15101,2512.4606311362863,132400.0,2512.4606311362863
knapsack,MIMIC50,100,300,6,15101,2511.4864368362855,132731.0,2512.4606311362863
knapsack,GALowPop,100,700,2,54354,2206.1462548836816,144960.0,2352.9796457366506
knapsack,GALowPop,100,900,1,69787,2212.61309936954,145187.0,2352.9796457366506
knapsack,MIMIC50,100,300,3,15101,2510.041307265201,134707.0,2512.4606311362863
knapsack,MIMIC50,100,300,8,15101,2512.4606311362863,134686.0,2512.4606311362863
knapsack,GALowPop,100,800,1,62021,2235.8067979770176,146752.0,2352.9796457366506
knapsack,MIMIC200,100,100,6,20401,2720.7920699569027,131825.0,2724.8979144978034
knapsack,MIMIC50,100,300,1,15101,2510.041307265201,139708.0,2512.4606311362863
knapsack,GAHighPop,100,150,8,63840,2464.570542445583,149996.0,2549.3166471116265
knapsack,MIMIC50,100,300,5,15101,2512.0619269067333,142488.0,2512.4606311362863
knapsack,GALowPop,100,800,9,62164,2217.4120351572374,153347.0,2352.9796457366506
knapsack,GAHighPop,100,150,1,63867,2444.145379825082,151716.0,2549.3166471116265
knapsack,MIMIC50,100,300,4,15101,2512.4606311362863,144048.0,2512.4606311362863
knapsack,GALowPop,100,800,0,62115,2155.369004776839,156013.0,2352.9796457366506
knapsack,GALowPop,100,800,4,62069,2162.0970772518517,157081.0,2352.9796457366506
knapsack,GAHighPop,100,150,0,63861,2453.487548419389,154368.0,2549.3166471116265
knapsack,MIMIC50,100,300,7,15101,2512.0619269067333,146635.0,2512.4606311362863
knapsack,GAHighPop,100,150,4,63856,2445.553430724628,155062.0,2549.3166471116265
knapsack,GALowPop,100,900,7,69772,2094.5915405279243,159068.0,2352.9796457366506
knapsack,GAHighPop,100,150,3,63833,2471.9062764440705,157998.0,2549.3166471116265
knapsack,GALowPop,100,900,5,69843,2114.8688397571873,160415.0,2352.9796457366506
knapsack,GALowPop,100,900,2,69897,2164.473397450653,160926.0,2352.9796457366506
knapsack,MIMIC50,100,300,9,15101,2512.0522992369906,150481.0,2512.4606311362863
knapsack,GALowPop,100,800,7,62067,2178.429646346117,161537.0,2352.9796457366506
knapsack,GAHighPop,100,150,5,63855,2405.50187380921,159157.0,2549.3166471116265
knapsack,GALowPop,100,900,3,69786,2207.203186375879,161961.0,2352.9796457366506
knapsack,GALowPop,100,800,6,62132,2129.548462624628,163791.0,2352.9796457366506
knapsack,GALowPop,100,800,3,62125,2110.3284922660932,163949.0,2352.9796457366506
knapsack,GALowPop,100,1000,2,77549,2154.353760654899,164301.0,2352.9796457366506
knapsack,GALowPop,100,1000,8,77637,2147.822502908293,165481.0,2352.9796457366506
knapsack,GALowPop,100,800,2,62053,2198.482175997403,167779.0,2352.9796457366506
knapsack,GAHighPop,100,150,7,63844,2425.2600340641743,165013.0,2549.3166471116265
knapsack,GALowPop,100,900,9,69824,2147.354734232574,167667.0,2352.9796457366506
knapsack,MIMIC200,100,100,5,20401,2718.285045003189,154117.0,2724.8979144978034
knapsack,MIMIC50,100,400,2,20101,2512.4606311362863,159408.0,2512.4606311362863
knapsack,MIMIC200,100,100,0,20401,2705.1869273760176,155449.0,2724.8979144978034
knapsack,GAHighPop,100,150,6,63867,2460.975822849759,170382.0,2549.3166471116265
knapsack,GALowPop,100,800,5,62121,2244.5928981004367,173351.0,2352.9796457366506
knapsack,MIMIC50,100,400,4,20101,2512.4606311362863,162878.0,2512.4606311362863
knapsack,GALowPop,100,900,4,69808,2190.1719795654385,174311.0,2352.9796457366506
knapsack,MIMIC200,100,100,9,20401,2724.8979144978034,159517.0,2724.8979144978034
knapsack,GALowPop,100,1000,9,77508,2171.128376115292,174624.0,2352.9796457366506
knapsack,GALowPop,100,900,8,69836,2116.624806870019,175306.0,2352.9796457366506
knapsack,GALowPop,100,900,6,69778,2105.374192919541,176549.0,2352.9796457366506
knapsack,GAHighPop,100,150,2,63879,2399.7205078789034,175415.0,2549.3166471116265
knapsack,MIMIC50,100,400,6,20101,2512.4606311362863,167140.0,2512.4606311362863
knapsack,GALowPop,100,1000,4,77557,2189.9304878598637,179522.0,2352.9796457366506
knapsack,MIMIC200,100,100,1,20401,2714.257683611899,165409.0,2724.8979144978034
knapsack,MIMIC50,100,400,1,20101,2512.4606311362863,170173.0,2512.4606311362863
knapsack,MIMIC50,100,400,9,20101,2512.4606311362863,170147.0,2512.4606311362863
knapsack,GALowPop,100,1000,0,77655,2124.182865662518,183215.0,2352.9796457366506
knapsack,MIMIC200,100,100,2,20401,2710.431086604053,168633.0,2724.8979144978034
knapsack,MIMIC200,100,100,8,20401,2721.625804923241,169043.0,2724.8979144978034
knapsack,MIMIC50,100,400,3,20101,2512.4606311362863,173939.0,2512.4606311362863
knapsack,MIMIC200,100,100,7,20401,2716.0477360165905,170958.0,2724.8979144978034
knapsack,GALowPop,100,1000,6,77566,2115.342338429438,185928.0,2352.9796457366506
knapsack,MIMIC200,100,100,3,20401,2724.8979144978034,171549.0,2724.8979144978034
knapsack,MIMIC50,100,400,5,20101,2512.4606311362863,177540.0,2512.4606311362863
knapsack,MIMIC50,100,400,8,20101,2512.4606311362863,178704.0,2512.4606311362863
knapsack,GALowPop,100,1000,1,77552,2191.5229563468515,190444.0,2352.9796457366506
knapsack,MIMIC50,100,400,0,20101,2512.4606311362863,180540.0,2512.4606311362863
knapsack,GALowPop,100,1000,7,77602,2181.3856220586963,192735.0,2352.9796457366506
knapsack,MIMIC200,100,100,4,20401,2716.0477360165905,179015.0,2724.8979144978034
knapsack,GALowPop,100,1000,5,77567,2065.2233906864126,193816.0,2352.9796457366506
knapsack,MIMIC50,100,500,8,25101,2510.899984073797,184400.0,2512.4606311362863
knapsack,GAHighPop,100,200,2,84791,2427.9423598475946,194683.0,2549.3166471116265
knapsack,MIMIC50,100,400,7,20101,2512.4606311362863,186664.0,2512.4606311362863
knapsack,GAHighPop,100,200,8,84754,2500.5267033532728,197038.0,2549.3166471116265
knapsack,MIMIC50,100,500,0,25101,2512.4606311362863,189311.0,2512.4606311362863
knapsack,MIMIC50,100,500,3,25101,2512.4606311362863,189341.0,2512.4606311362863
knapsack,GAHighPop,100,200,1,84831,2447.89796873188,198242.0,2549.3166471116265
knapsack,MIMIC50,100,500,7,25101,2512.4606311362863,191470.0,2512.4606311362863
knapsack,GAHighPop,100,200,0,84788,2478.154304866892,199520.0,2549.3166471116265
knapsack,GAHighPop,100,200,3,84796,2459.7539922516394,201323.0,2549.3166471116265
knapsack,GAHighPop,100,200,4,84725,2439.88317095023,202310.0,2549.3166471116265
knapsack,MIMIC50,100,500,9,25101,2512.4606311362863,193857.0,2512.4606311362863
knapsack,GAHighPop,100,200,9,84769,2484.778720836769,202424.0,2549.3166471116265
knapsack,GAHighPop,100,200,7,84883,2473.7589649509946,202903.0,2549.3166471116265
knapsack,GAHighPop,100,200,6,84774,2464.6714285061835,203829.0,2549.3166471116265
knapsack,GAHighPop,100,200,5,84802,2495.8292288110542,204235.0,2549.3166471116265
knapsack,MIMIC50,100,500,5,25101,2512.4606311362863,197415.0,2512.4606311362863
knapsack,MIMIC50,100,500,4,25101,2512.4606311362863,199969.0,2512.4606311362863
knapsack,MIMIC50,100,500,1,25101,2512.4606311362863,203156.0,2512.4606311362863
knapsack,MIMIC200,100,150,9,30401,2724.8979144978034,201005.0,2724.8979144978034
knapsack,MIMIC200,100,150,5,30401,2724.8979144978034,201282.0,2724.8979144978034
knapsack,MIMIC50,100,500,6,25101,2512.4606311362863,205998.0,2512.4606311362863
knapsack,MIMIC200,100,150,7,30401,2711.9169361846257,203191.0,2724.8979144978034
knapsack,MIMIC200,100,150,6,30401,2724.8979144978034,203460.0,2724.8979144978034
knapsack,MIMIC200,100,150,3,30401,2720.7920699569027,204753.0,2724.8979144978034
knapsack,MIMIC200,100,150,8,30401,2724.8979144978034,204714.0,2724.8979144978034
knapsack,MIMIC50,100,600,2,30101,2512.4606311362863,212236.0,2512.4606311362863
knapsack,MIMIC50,100,600,6,30101,2512.4606311362863,212545.0,2512.4606311362863
knapsack,MIMIC50,100,600,4,30101,2512.4606311362863,212697.0,2512.4606311362863
knapsack,MIMIC50,100,500,2,25101,2512.4606311362863,214320.0,2512.4606311362863
knapsack,MIMIC200,100,150,0,30401,2710.4633233686773,213544.0,2724.8979144978034
knapsack,MIMIC50,100,600,9,30101,2512.4606311362863,219131.0,2512.4606311362863
knapsack,MIMIC50,100,600,1,30101,2512.4606311362863,219803.0,2512.4606311362863
knapsack,MIMIC200,100,150,2,30401,2717.3553434479827,216230.0,2724.8979144978034
knapsack,MIMIC50,100,600,7,30101,2512.4606311362863,222015.0,2512.4606311362863
knapsack,MIMIC50,100,600,5,30101,2512.4606311362863,222705.0,2512.4606311362863
knapsack,MIMIC200,100,150,4,30401,2724.06067080927,219235.0,2724.8979144978034
knapsack,MIMIC200,100,150,1,30401,2721.5571545777516,220774.0,2724.8979144978034
knapsack,MIMIC50,100,700,9,35101,2512.4606311362863,229339.0,2512.4606311362863
knapsack,GAHighPop,100,300,9,126657,2535.163395196874,239524.0,2549.3166471116265
knapsack,GAHighPop,100,300,2,126770,2517.99034081186,241534.0,2549.3166471116265
knapsack,MIMIC50,100,600,3,30101,2512.4606311362863,233731.0,2512.4606311362863
knapsack,GAHighPop,100,300,3,126782,2503.6655455540526,242051.0,2549.3166471116265
knapsack,MIMIC50,100,600,0,30101,2512.4606311362863,234065.0,2512.4606311362863
knapsack,GAHighPop,100,300,4,126668,2538.800323502351,245931.0,2549.3166471116265
knapsack,GAHighPop,100,300,0,126660,2495.4750052035656,246604.0,2549.3166471116265
knapsack,MIMIC50,100,700,3,35101,2512.4606311362863,237920.0,2512.4606311362863
knapsack,MIMIC50,100,600,8,30101,2512.4606311362863,240090.0,2512.4606311362863
knapsack,GAHighPop,100,300,7,126669,2532.3700161601687,248965.0,2549.3166471116265
knapsack,MIMIC50,100,700,0,35101,2512.4606311362863,242222.0,2512.4606311362863
knapsack,GAHighPop,100,300,6,126753,2522.7922129966037,251559.0,2549.3166471116265
knapsack,MIMIC50,100,700,8,35101,2512.4606311362863,244298.0,2512.4606311362863
knapsack,MIMIC50,100,700,1,35101,2512.4606311362863,245341.0,2512.4606311362863
knapsack,MIMIC50,100,700,5,35101,2512.4606311362863,246060.0,2512.4606311362863
knapsack,MIMIC50,100,800,2,40101,2512.4606311362863,246325.0,2512.4606311362863
knapsack,MIMIC200,100,200,2,40401,2721.6293136454356,244226.0,2724.8979144978034
knapsack,MIMIC200,100,200,0,40401,2724.8979144978034,244325.0,2724.8979144978034
knapsack,MIMIC200,100,200,6,40401,2715.4339280890204,244258.0,2724.8979144978034
knapsack,MIMIC200,100,200,7,40401,2710.7401929864927,244457.0,2724.8979144978034
knapsack,GAHighPop,100,300,1,126818,2520.1179673624033,256734.0,2549.3166471116265
knapsack,MIMIC50,100,700,6,35101,2512.4606311362863,249067.0,2512.4606311362863
knapsack,MIMIC50,100,700,2,35101,2512.4606311362863,249412.0,2512.4606311362863
knapsack,MIMIC50,100,700,7,35101,2512.4606311362863,249288.0,2512.4606311362863
knapsack,MIMIC200,100,200,1,40401,2720.477658995516,246358.0,2724.8979144978034
knapsack,GAHighPop,100,300,8,126720,2490.316287249887,258623.0,2549.3166471116265
knapsack,MIMIC200,100,200,5,40401,2712.7541798731586,248642.0,2724.8979144978034
knapsack,MIMIC50,100,700,4,35101,2512.4606311362863,252952.0,2512.4606311362863
knapsack,GAHighPop,100,300,5,126720,2528.7822454928055,262304.0,2549.3166471116265
knapsack,MIMIC200,100,200,3,40401,2720.788561234708,251983.0,2724.8979144978034
knapsack,MIMIC200,100,200,8,40401,2715.1418419825677,252593.0,2724.8979144978034
knapsack,MIMIC200,100,200,9,40401,2724.8979144978034,252854.0,2724.8979144978034
knapsack,MIMIC50,100,800,6,40101,2512.4606311362863,255882.0,2512.4606311362863
knapsack,MIMIC50,100,800,7,40101,2512.4606311362863,257496.0,2512.4606311362863
knapsack,MIMIC200,100,200,4,40401,2672.778400284692,256667.0,2724.8979144978034
knapsack,MIMIC50,100,800,3,40101,2512.4606311362863,261149.0,2512.4606311362863
knapsack,MIMIC50,100,800,8,40101,2512.4606311362863,261068.0,2512.4606311362863
knapsack,MIMIC50,100,800,1,40101,2512.4606311362863,262234.0,2512.4606311362863
knapsack,MIMIC50,100,800,4,40101,2512.4606311362863,263882.0,2512.4606311362863
knapsack,MIMIC50,100,800,9,40101,2512.4606311362863,267139.0,2512.4606311362863
knapsack,MIMIC50,100,800,0,40101,2512.4606311362863,269290.0,2512.4606311362863
knapsack,GAHighPop,100,400,3,168583,2478.0404196456725,277979.0,2549.3166471116265
knapsack,MIMIC50,100,900,6,45101,2512.4606311362863,273795.0,2512.4606311362863
knapsack,GAHighPop,100,400,7,168796,2534.4819155176174,282887.0,2549.3166471116265
knapsack,MIMIC50,100,900,5,45101,2512.4606311362863,276192.0,2512.4606311362863
knapsack,MIMIC50,100,800,5,40101,2512.4606311362863,276966.0,2512.4606311362863
knapsack,MIMIC50,100,900,9,45101,2512.4606311362863,280754.0,2512.4606311362863
knapsack,MIMIC50,100,900,0,45101,2512.4606311362863,281137.0,2512.4606311362863
knapsack,MIMIC50,100,900,8,45101,2512.4606311362863,281617.0,2512.4606311362863
knapsack,MIMIC50,100,900,7,45101,2512.4606311362863,282407.0,2512.4606311362863
knapsack,GAHighPop,100,400,0,168636,2531.3099356619305,293325.0,2549.3166471116265
knapsack,GAHighPop,100,400,6,168546,2522.9826334287245,293566.0,2549.3166471116265
knapsack,MIMIC50,100,900,4,45101,2512.4606311362863,285497.0,2512.4606311362863
knapsack,GAHighPop,100,400,8,168671,2495.56360445109,294420.0,2549.3166471116265
knapsack,GAHighPop,100,400,9,168599,2520.1533397780595,295315.0,2549.3166471116265
knapsack,GAHighPop,100,400,2,168578,2494.8766365945307,296234.0,2549.3166471116265
knapsack,GAHighPop,100,400,1,168599,2515.8720387803805,299227.0,2549.3166471116265
knapsack,MIMIC50,100,900,2,45101,2512.4606311362863,290903.0,2512.4606311362863
knapsack,MIMIC50,100,900,3,45101,2512.4606311362863,291693.0,2512.4606311362863
knapsack,MIMIC50,100,1000,7,50101,2512.4606311362863,287037.0,2512.4606311362863
knapsack,MIMIC50,100,900,1,45101,2512.4606311362863,293927.0,2512.4606311362863
knapsack,GAHighPop,100,400,4,168618,2523.482250446032,307856.0,2549.3166471116265
knapsack,MIMIC50,100,1000,0,50101,2512.4606311362863,299814.0,2512.4606311362863
knapsack,GAHighPop,100,500,5,210598,2545.222692704983,312004.0,2549.3166471116265
knapsack,MIMIC50,100,1000,5,50101,2512.4606311362863,297069.0,2512.4606311362863
knapsack,MIMIC50,100,1000,6,50101,2512.4606311362863,300109.0,2512.4606311362863
knapsack,MIMIC50,100,1000,8,50101,2512.4606311362863,301702.0,2512.4606311362863
knapsack,MIMIC50,100,1000,3,50101,2512.4606311362863,306751.0,2512.4606311362863
knapsack,MIMIC50,100,1000,2,50101,2512.4606311362863,307067.0,2512.4606311362863
knapsack,GAHighPop,100,500,0,210632,2527.0858363649786,317637.0,2549.3166471116265
knapsack,MIMIC50,100,1000,9,50101,2512.4606311362863,304056.0,2512.4606311362863
knapsack,MIMIC50,100,1000,1,50101,2512.4606311362863,308384.0,2512.4606311362863
knapsack,MIMIC200,100,300,7,60401,2717.3553434479827,309904.0,2724.8979144978034
knapsack,MIMIC200,100,300,3,60401,2718.288553725384,312039.0,2724.8979144978034
knapsack,GAHighPop,100,500,2,210496,2536.337666487866,323101.0,2549.3166471116265
knapsack,MIMIC50,100,1000,4,50101,2512.4606311362863,315243.0,2512.4606311362863
knapsack,MIMIC200,100,300,2,60401,2724.8979144978034,315037.0,2724.8979144978034
knapsack,GAHighPop,100,500,1,210593,2522.400340051567,327057.0,2549.3166471116265
knapsack,MIMIC200,100,300,4,60401,2721.625804923241,317102.0,2724.8979144978034
knapsack,GAHighPop,100,500,7,210576,2522.9116135386757,327352.0,2549.3166471116265
knapsack,GAHighPop,100,500,4,210602,2507.3156819709748,328170.0,2549.3166471116265
knapsack,MIMIC200,100,300,9,60401,2715.0949273004326,318195.0,2724.8979144978034
knapsack,MIMIC200,100,300,6,60401,2724.8979144978034,318451.0,2724.8979144978034
knapsack,MIMIC200,100,300,0,60401,2715.4339280890204,319641.0,2724.8979144978034
knapsack,MIMIC200,100,300,8,60401,2721.625804923241,319556.0,2724.8979144978034
knapsack,GAHighPop,100,500,6,210616,2519.153316068854,331337.0,2549.3166471116265
knapsack,MIMIC200,100,300,5,60401,2697.6306942648343,322077.0,2724.8979144978034
knapsack,GAHighPop,100,500,9,210518,2510.8520137888436,332123.0,2549.3166471116265
knapsack,MIMIC200,100,300,1,60401,2724.8979144978034,326477.0,2724.8979144978034
knapsack,GAHighPop,100,500,8,210623,2524.8685103257494,337337.0,2549.3166471116265
knapsack,GAHighPop,100,500,3,210573,2517.339878924764,339016.0,2549.3166471116265
knapsack,GAHighPop,100,600,6,252346,2502.9320538132793,344587.0,2549.3166471116265
knapsack,GAHighPop,100,600,7,252476,2525.25083633869,362855.0,2549.3166471116265
knapsack,GAHighPop,100,600,0,252507,2542.2347907395497,363707.0,2549.3166471116265
knapsack,GAHighPop,100,600,9,252472,2519.9979173838747,363834.0,2549.3166471116265
knapsack,GAHighPop,100,600,5,252359,2517.7705058946904,366207.0,2549.3166471116265
knapsack,GAHighPop,100,600,1,252389,2512.932757689507,367183.0,2549.3166471116265
knapsack,GAHighPop,100,600,4,252604,2528.7050592019923,368167.0,2549.3166471116265
knapsack,MIMIC200,100,400,0,80401,2703.6712045246254,360577.0,2724.8979144978034
knapsack,MIMIC200,100,400,5,80401,2724.8979144978034,364135.0,2724.8979144978034
knapsack,MIMIC200,100,400,3,80401,2713.6548927489307,364498.0,2724.8979144978034
knapsack,GAHighPop,100,700,2,294407,2529.2739637393206,376307.0,2549.3166471116265
knapsack,GAHighPop,100,600,8,252594,2529.354876782633,377372.0,2549.3166471116265
knapsack,GAHighPop,100,700,8,294262,2535.741241043153,378017.0,2549.3166471116265
knapsack,GAHighPop,100,600,3,252439,2540.1071925920337,380714.0,2549.3166471116265
knapsack,MIMIC200,100,400,6,80401,2717.451310036851,372280.0,2724.8979144978034
knapsack,GAHighPop,100,600,2,252446,2525.4245838652437,382921.0,2549.3166471116265
knapsack,MIMIC200,100,400,1,80401,2713.177339839398,374458.0,2724.8979144978034
knapsack,MIMIC200,100,400,8,80401,2724.8979144978034,374428.0,2724.8979144978034
knapsack,MIMIC200,100,400,7,80401,2714.5206122152904,377167.0,2724.8979144978034
knapsack,MIMIC200,100,400,2,80401,2724.8979144978034,377994.0,2724.8979144978034
knapsack,MIMIC200,100,400,9,80401,2724.8979144978034,378033.0,2724.8979144978034
knapsack,GAHighPop,100,700,5,294277,2524.5378159251927,390641.0,2549.3166471116265
knapsack,GAHighPop,100,700,0,294497,2543.7728026473446,392323.0,2549.3166471116265
knapsack,GAHighPop,100,700,4,294314,2529.879364234779,393502.0,2549.3166471116265
knapsack,MIMIC200,100,400,4,80401,2688.273231921021,385027.0,2724.8979144978034
knapsack,GAHighPop,100,700,9,294246,2519.0001370173068,396822.0,2549.3166471116265
knapsack,GAHighPop,100,700,6,294398,2518.1470013101775,398603.0,2549.3166471116265
knapsack,GAHighPop,100,700,7,294344,2537.99647629965,400529.0,2549.3166471116265
knapsack,GAHighPop,100,700,3,294374,2524.8563097689957,401926.0,2549.3166471116265
knapsack,GAHighPop,100,700,1,294427,2533.17244013691,402250.0,2549.3166471116265
knapsack,GAHighPop,100,800,1,336371,2533.880471921662,408522.0,2549.3166471116265
knapsack,GAHighPop,100,800,3,336133,2524.0800267683353,409306.0,2549.3166471116265
knapsack,MIMIC200,100,500,0,100401,2721.6293136454356,401798.0,2724.8979144978034
knapsack,GAHighPop,100,800,7,336245,2515.719024308738,410306.0,2549.3166471116265
knapsack,MIMIC200,100,500,7,100401,2714.083233873421,402315.0,2724.8979144978034
knapsack,MIMIC200,100,500,3,100401,2724.06067080927,402673.0,2724.8979144978034
knapsack,GAHighPop,100,800,5,336311,2513.7282465613443,411476.0,2549.3166471116265
knapsack,MIMIC200,100,500,9,100401,2720.7920699569027,403221.0,2724.8979144978034
knapsack,MIMIC200,100,500,6,100401,2719.640415306983,404016.0,2724.8979144978034
knapsack,MIMIC200,100,500,5,100401,2724.8979144978034,406550.0,2724.8979144978034
knapsack,MIMIC200,100,500,1,100401,2724.8979144978034,407836.0,2724.8979144978034
knapsack,GAHighPop,100,800,8,336256,2541.6760731697086,419078.0,2549.3166471116265
knapsack,GAHighPop,100,800,4,336273,2529.388838435254,421071.0,2549.3166471116265
knapsack,GAHighPop,100,800,2,336250,2528.51786346502,421507.0,2549.3166471116265
knapsack,MIMIC200,100,500,4,100401,2721.6293136454356,413810.0,2724.8979144978034
knapsack,MIMIC200,100,500,2,100401,2720.477658995516,413955.0,2724.8979144978034
knapsack,GAHighPop,100,800,6,336191,2540.602233832955,425431.0,2549.3166471116265
knapsack,GAHighPop,100,800,9,336051,2521.346717504366,425220.0,2549.3166471116265
knapsack,GAHighPop,100,900,3,378138,2531.422903472526,425860.0,2549.3166471116265
knapsack,GAHighPop,100,900,8,378125,2541.1446109329518,425594.0,2549.3166471116265
knapsack,GAHighPop,100,900,6,378113,2547.284200909046,425484.0,2549.3166471116265
knapsack,MIMIC200,100,500,8,100401,2724.8979144978034,419088.0,2724.8979144978034
knapsack,GAHighPop,100,900,9,378090,2533.061924713363,428784.0,2549.3166471116265
knapsack,GAHighPop,100,800,0,336202,2549.3166471116265,430694.0,2549.3166471116265
knapsack,GAHighPop,100,900,4,378059,2509.873901014504,430355.0,2549.3166471116265
knapsack,GAHighPop,100,900,5,378066,2529.77678447633,430984.0,2549.3166471116265
knapsack,GAHighPop,100,1000,5,420147,2534.0118749018893,432182.0,2549.3166471116265
knapsack,GAHighPop,100,1000,2,419939,2536.2310617212665,432972.0,2549.3166471116265
knapsack,GAHighPop,100,1000,0,419970,2547.7495732023494,433446.0,2549.3166471116265
knapsack,GAHighPop,100,900,7,378196,2527.2931349275664,433403.0,2549.3166471116265
knapsack,GAHighPop,100,900,1,378069,2530.878272083239,434454.0,2549.3166471116265
knapsack,GAHighPop,100,900,2,378125,2528.4767178221196,434438.0,2549.3166471116265
knapsack,GAHighPop,100,1000,6,419849,2543.589528852253,434339.0,2549.3166471116265
knapsack,MIMIC200,100,600,9,120401,2720.719910889218,427033.0,2724.8979144978034
knapsack,GAHighPop,100,900,0,378109,2536.765684956712,437627.0,2549.3166471116265
knapsack,GAHighPop,100,1000,9,419990,2535.0337464906816,437985.0,2549.3166471116265
knapsack,MIMIC200,100,600,0,120401,2710.100356713003,430796.0,2724.8979144978034
knapsack,MIMIC200,100,600,7,120401,2724.8979144978034,430721.0,2724.8979144978034
knapsack,GAHighPop,100,1000,4,420033,2539.593877493519,439126.0,2549.3166471116265
knapsack,MIMIC200,100,600,8,120401,2709.0582882682334,431258.0,2724.8979144978034
knapsack,GAHighPop,100,1000,1,420143,2543.4420177160227,439463.0,2549.3166471116265
knapsack,MIMIC200,100,600,3,120401,2720.7920699569027,432044.0,2724.8979144978034
knapsack,MIMIC200,100,600,1,120401,2712.03778551516,432116.0,2724.8979144978034
knapsack,GAHighPop,100,1000,7,419975,2523.5163978135092,440202.0,2549.3166471116265
knapsack,GAHighPop,100,1000,3,420128,2540.494376786359,440266.0,2549.3166471116265
knapsack,MIMIC200,100,600,2,120401,2721.625804923241,432945.0,2724.8979144978034
knapsack,GAHighPop,100,1000,8,419857,2538.203102594723,441431.0,2549.3166471116265
knapsack,MIMIC200,100,600,4,120401,2716.9956526689825,433843.0,2724.8979144978034
knapsack,MIMIC200,100,600,6,120401,2713.332580564264,435514.0,2724.8979144978034
knapsack,MIMIC200,100,600,5,120401,2724.06067080927,435728.0,2724.8979144978034
knapsack,MIMIC200,100,700,5,140401,2724.8979144978034,438956.0,2724.8979144978034
knapsack,MIMIC200,100,700,4,140401,2724.8979144978034,440120.0,2724.8979144978034
knapsack,MIMIC200,100,700,3,140401,2717.024128446809,440310.0,2724.8979144978034
knapsack,MIMIC200,100,700,2,140401,2719.3198455911524,440905.0,2724.8979144978034
knapsack,MIMIC200,100,700,0,140401,2724.8979144978034,441718.0,2724.8979144978034
knapsack,MIMIC200,100,700,7,140401,2714.596684400487,441634.0,2724.8979144978034
knapsack,MIMIC200,100,700,1,140401,2714.8995900888654,442161.0,2724.8979144978034
knapsack,MIMIC200,100,700,9,140401,2711.863388666743,442418.0,2724.8979144978034
knapsack,MIMIC200,100,700,8,140401,2721.625804923241,442651.0,2724.8979144978034
knapsack,MIMIC200,100,700,6,140401,2721.6293136454356,444538.0,2724.8979144978034
knapsack,MIMIC200,100,800,6,160401,2717.8184169290075,445017.0,2724.8979144978034
knapsack,MIMIC200,100,800,1,160401,2718.4826019026195,447148.0,2724.8979144978034
knapsack,MIMIC200,100,800,8,160401,2710.6210337147186,447009.0,2724.8979144978034
knapsack,MIMIC200,100,800,2,160401,2715.3149006974886,447472.0,2724.8979144978034
knapsack,MIMIC200,100,800,3,160401,2724.8979144978034,447564.0,2724.8979144978034
knapsack,MIMIC200,100,800,4,160401,2724.8979144978034,447592.0,2724.8979144978034
knapsack,MIMIC200,100,800,9,160401,2716.9956526689825,447399.0,2724.8979144978034
knapsack,MIMIC200,100,800,7,160401,2724.06067080927,447900.0,2724.8979144978034
knapsack,MIMIC200,100,800,5,160401,2711.8196885687285,448351.0,2724.8979144978034
knapsack,MIMIC200,100,800,0,160401,2724.06067080927,448791.0,2724.8979144978034
knapsack,MIMIC200,100,900,0,180401,2710.674671798145,449706.0,2724.8979144978034
knapsack,MIMIC200,100,900,8,180401,2724.8979144978034,449884.0,2724.8979144978034
knapsack,MIMIC200,100,900,4,180401,2717.3553434479827,450586.0,2724.8979144978034
knapsack,MIMIC200,100,900,6,180401,2724.06067080927,450587.0,2724.8979144978034
knapsack,MIMIC200,100,900,3,180401,2724.8979144978034,451270.0,2724.8979144978034
knapsack,MIMIC200,100,900,1,180401,2705.696462079997,451410.0,2724.8979144978034
knapsack,MIMIC200,100,900,2,180401,2717.2090581431485,451968.0,2724.8979144978034
knapsack,MIMIC200,100,900,9,180401,2724.06067080927,451871.0,2724.8979144978034
knapsack,MIMIC200,100,900,5,180401,2724.06067080927,452397.0,2724.8979144978034
knapsack,MIMIC200,100,1000,9,200401,2714.0867425956153,451885.0,2724.8979144978034
knapsack,MIMIC200,100,900,7,180401,2711.6629665676583,452813.0,2724.8979144978034
knapsack,MIMIC200,100,1000,0,200401,2721.625804923241,453463.0,2724.8979144978034
knapsack,MIMIC200,100,1000,8,200401,2721.625804923241,453539.0,2724.8979144978034
knapsack,MIMIC200,100,1000,5,200401,2688.9349941589294,453542.0,2724.8979144978034
knapsack,MIMIC200,100,1000,1,200401,2711.4460595401583,453726.0,2724.8979144978034
knapsack,MIMIC200,100,1000,3,200401,2695.5407429131783,453426.0,2724.8979144978034
knapsack,MIMIC200,100,1000,4,200401,2720.7920699569027,453695.0,2724.8979144978034
knapsack,MIMIC200,100,1000,6,200401,2705.5774346884655,453727.0,2724.8979144978034
knapsack,MIMIC200,100,1000,2,200401,2720.477658995516,453804.0,2724.8979144978034
knapsack,MIMIC200,100,1000,7,200401,2708.6197380618505,453854.0,2724.8979144978034
