algorithm,iterations,global
GAHighPop,1,2549.3166471116265
GAHighPop,1,2549.3166471116265
GAHighPop,1,2549.3166471116265
GAHighPop,1,2549.3166471116265
GAHighPop,1,2549.3166471116265
GAHighPop,1,2549.3166471116265
GAHighPop,1,2549.3166471116265
GAHighPop,1,2549.3166471116265
GAHighPop,1,2549.3166471116265
GAHighPop,1,2549.3166471116265
GAHighPop,50,2549.3166471116265
GAHighPop,50,2549.3166471116265
GAHighPop,50,2549.3166471116265
GAHighPop,50,2549.3166471116265
GAHighPop,50,2549.3166471116265
GAHighPop,50,2549.3166471116265
GAHighPop,50,2549.3166471116265
GAHighPop,50,2549.3166471116265
GAHighPop,50,2549.3166471116265
GAHighPop,50,2549.3166471116265
GAHighPop,100,2549.3166471116265
GAHighPop,100,2549.3166471116265
GAHighPop,100,2549.3166471116265
GAHighPop,100,2549.3166471116265
GAHighPop,100,2549.3166471116265
GAHighPop,100,2549.3166471116265
GAHighPop,100,2549.3166471116265
GAHighPop,100,2549.3166471116265
GAHighPop,100,2549.3166471116265
GAHighPop,100,2549.3166471116265
GAHighPop,150,2549.3166471116265
GAHighPop,150,2549.3166471116265
GAHighPop,150,2549.3166471116265
GAHighPop,150,2549.3166471116265
GAHighPop,150,2549.3166471116265
GAHighPop,150,2549.3166471116265
GAHighPop,150,2549.3166471116265
GAHighPop,150,2549.3166471116265
GAHighPop,150,2549.3166471116265
GAHighPop,150,2549.3166471116265
GAHighPop,200,2549.3166471116265
GAHighPop,200,2549.3166471116265
GAHighPop,200,2549.3166471116265
GAHighPop,200,2549.3166471116265
GAHighPop,200,2549.3166471116265
GAHighPop,200,2549.3166471116265
GAHighPop,200,2549.3166471116265
GAHighPop,200,2549.3166471116265
GAHighPop,200,2549.3166471116265
GAHighPop,200,2549.3166471116265
GAHighPop,300,2549.3166471116265
GAHighPop,300,2549.3166471116265
GAHighPop,300,2549.3166471116265
GAHighPop,300,2549.3166471116265
GAHighPop,300,2549.3166471116265
GAHighPop,300,2549.3166471116265
GAHighPop,300,2549.3166471116265
GAHighPop,300,2549.3166471116265
GAHighPop,300,2549.3166471116265
GAHighPop,300,2549.3166471116265
GAHighPop,400,2549.3166471116265
GAHighPop,400,2549.3166471116265
GAHighPop,400,2549.3166471116265
GAHighPop,400,2549.3166471116265
GAHighPop,400,2549.3166471116265
GAHighPop,400,2549.3166471116265
GAHighPop,400,2549.3166471116265
GAHighPop,400,2549.3166471116265
GAHighPop,400,2549.3166471116265
GAHighPop,400,2549.3166471116265
GAHighPop,500,2549.3166471116265
GAHighPop,500,2549.3166471116265
GAHighPop,500,2549.3166471116265
GAHighPop,500,2549.3166471116265
GAHighPop,500,2549.3166471116265
GAHighPop,500,2549.3166471116265
GAHighPop,500,2549.3166471116265
GAHighPop,500,2549.3166471116265
GAHighPop,500,2549.3166471116265
GAHighPop,500,2549.3166471116265
GAHighPop,600,2549.3166471116265
GAHighPop,600,2549.3166471116265
GAHighPop,600,2549.3166471116265
GAHighPop,600,2549.3166471116265
GAHighPop,600,2549.3166471116265
GAHighPop,600,2549.3166471116265
GAHighPop,600,2549.3166471116265
GAHighPop,600,2549.3166471116265
GAHighPop,600,2549.3166471116265
GAHighPop,600,2549.3166471116265
GAHighPop,700,2549.3166471116265
GAHighPop,700,2549.3166471116265
GAHighPop,700,2549.3166471116265
GAHighPop,700,2549.3166471116265
GAHighPop,700,2549.3166471116265
GAHighPop,700,2549.3166471116265
GAHighPop,700,2549.3166471116265
GAHighPop,700,2549.3166471116265
GAHighPop,700,2549.3166471116265
GAHighPop,700,2549.3166471116265
GAHighPop,800,2549.3166471116265
GAHighPop,800,2549.3166471116265
GAHighPop,800,2549.3166471116265
GAHighPop,800,2549.3166471116265
GAHighPop,800,2549.3166471116265
GAHighPop,800,2549.3166471116265
GAHighPop,800,2549.3166471116265
GAHighPop,800,2549.3166471116265
GAHighPop,800,2549.3166471116265
GAHighPop,800,2549.3166471116265
GAHighPop,900,2549.3166471116265
GAHighPop,900,2549.3166471116265
GAHighPop,900,2549.3166471116265
GAHighPop,900,2549.3166471116265
GAHighPop,900,2549.3166471116265
GAHighPop,900,2549.3166471116265
GAHighPop,900,2549.3166471116265
GAHighPop,900,2549.3166471116265
GAHighPop,900,2549.3166471116265
GAHighPop,900,2549.3166471116265
GAHighPop,1000,2549.3166471116265
GAHighPop,1000,2549.3166471116265
GAHighPop,1000,2549.3166471116265
GAHighPop,1000,2549.3166471116265
GAHighPop,1000,2549.3166471116265
GAHighPop,1000,2549.3166471116265
GAHighPop,1000,2549.3166471116265
GAHighPop,1000,2549.3166471116265
GAHighPop,1000,2549.3166471116265
GAHighPop,1000,2549.3166471116265
GALowPop,1,2352.9796457366506
GALowPop,1,2352.9796457366506
GALowPop,1,2352.9796457366506
GALowPop,1,2352.9796457366506
GALowPop,1,2352.9796457366506
GALowPop,1,2352.9796457366506
GALowPop,1,2352.9796457366506
GALowPop,1,2352.9796457366506
GALowPop,1,2352.9796457366506
GALowPop,1,2352.9796457366506
GALowPop,50,2352.9796457366506
GALowPop,50,2352.9796457366506
GALowPop,50,2352.9796457366506
GALowPop,50,2352.9796457366506
GALowPop,50,2352.9796457366506
GALowPop,50,2352.9796457366506
GALowPop,50,2352.9796457366506
GALowPop,50,2352.9796457366506
GALowPop,50,2352.9796457366506
GALowPop,50,2352.9796457366506
GALowPop,100,2352.9796457366506
GALowPop,100,2352.9796457366506
GALowPop,100,2352.9796457366506
GALowPop,100,2352.9796457366506
GALowPop,100,2352.9796457366506
GALowPop,100,2352.9796457366506
GALowPop,100,2352.9796457366506
GALowPop,100,2352.9796457366506
GALowPop,100,2352.9796457366506
GALowPop,100,2352.9796457366506
GALowPop,150,2352.9796457366506
GALowPop,150,2352.9796457366506
GALowPop,150,2352.9796457366506
GALowPop,150,2352.9796457366506
GALowPop,150,2352.9796457366506
GALowPop,150,2352.9796457366506
GALowPop,150,2352.9796457366506
GALowPop,150,2352.9796457366506
GALowPop,150,2352.9796457366506
GALowPop,150,2352.9796457366506
GALowPop,200,2352.9796457366506
GALowPop,200,2352.9796457366506
GALowPop,200,2352.9796457366506
GALowPop,200,2352.9796457366506
GALowPop,200,2352.9796457366506
GALowPop,200,2352.9796457366506
GALowPop,200,2352.9796457366506
GALowPop,200,2352.9796457366506
GALowPop,200,2352.9796457366506
GALowPop,200,2352.9796457366506
GALowPop,300,2352.9796457366506
GALowPop,300,2352.9796457366506
GALowPop,300,2352.9796457366506
GALowPop,300,2352.9796457366506
GALowPop,300,2352.9796457366506
GALowPop,300,2352.9796457366506
GALowPop,300,2352.9796457366506
GALowPop,300,2352.9796457366506
GALowPop,300,2352.9796457366506
GALowPop,300,2352.9796457366506
GALowPop,400,2352.9796457366506
GALowPop,400,2352.9796457366506
GALowPop,400,2352.9796457366506
GALowPop,400,2352.9796457366506
GALowPop,400,2352.9796457366506
GALowPop,400,2352.9796457366506
GALowPop,400,2352.9796457366506
GALowPop,400,2352.9796457366506
GALowPop,400,2352.9796457366506
GALowPop,400,2352.9796457366506
GALowPop,500,2352.9796457366506
GALowPop,500,2352.9796457366506
GALowPop,500,2352.9796457366506
GALowPop,500,2352.9796457366506
GALowPop,500,2352.9796457366506
GALowPop,500,2352.9796457366506
GALowPop,500,2352.9796457366506
GALowPop,500,2352.9796457366506
GALowPop,500,2352.9796457366506
GALowPop,500,2352.9796457366506
GALowPop,600,2352.9796457366506
GALowPop,600,2352.9796457366506
GALowPop,600,2352.9796457366506
GALowPop,600,2352.9796457366506
GALowPop,600,2352.9796457366506
GALowPop,600,2352.9796457366506
GALowPop,600,2352.9796457366506
GALowPop,600,2352.9796457366506
GALowPop,600,2352.9796457366506
GALowPop,600,2352.9796457366506
GALowPop,700,2352.9796457366506
GALowPop,700,2352.9796457366506
GALowPop,700,2352.9796457366506
GALowPop,700,2352.9796457366506
GALowPop,700,2352.9796457366506
GALowPop,700,2352.9796457366506
GALowPop,700,2352.9796457366506
GALowPop,700,2352.9796457366506
GALowPop,700,2352.9796457366506
GALowPop,700,2352.9796457366506
GALowPop,800,2352.9796457366506
GALowPop,800,2352.9796457366506
GALowPop,800,2352.9796457366506
GALowPop,800,2352.9796457366506
GALowPop,800,2352.9796457366506
GALowPop,800,2352.9796457366506
GALowPop,800,2352.9796457366506
GALowPop,800,2352.9796457366506
GALowPop,800,2352.9796457366506
GALowPop,800,2352.9796457366506
GALowPop,900,2352.9796457366506
GALowPop,900,2352.9796457366506
GALowPop,900,2352.9796457366506
GALowPop,900,2352.9796457366506
GALowPop,900,2352.9796457366506
GALowPop,900,2352.9796457366506
GALowPop,900,2352.9796457366506
GALowPop,900,2352.9796457366506
GALowPop,900,2352.9796457366506
GALowPop,900,2352.9796457366506
GALowPop,1000,2352.9796457366506
GALowPop,1000,2352.9796457366506
GALowPop,1000,2352.9796457366506
GALowPop,1000,2352.9796457366506
GALowPop,1000,2352.9796457366506
GALowPop,1000,2352.9796457366506
GALowPop,1000,2352.9796457366506
GALowPop,1000,2352.9796457366506
GALowPop,1000,2352.9796457366506
GALowPop,1000,2352.9796457366506
RHC,1,2536.0739204784722
RHC,1,2536.0739204784722
RHC,1,2536.0739204784722
RHC,1,2536.0739204784722
RHC,1,2536.0739204784722
RHC,1,2536.0739204784722
RHC,1,2536.0739204784722
RHC,1,2536.0739204784722
RHC,1,2536.0739204784722
RHC,1,2536.0739204784722
RHC,50,2536.0739204784722
RHC,50,2536.0739204784722
RHC,50,2536.0739204784722
RHC,50,2536.0739204784722
RHC,50,2536.0739204784722
RHC,50,2536.0739204784722
RHC,50,2536.0739204784722
RHC,50,2536.0739204784722
RHC,50,2536.0739204784722
RHC,50,2536.0739204784722
RHC,100,2536.0739204784722
RHC,100,2536.0739204784722
RHC,100,2536.0739204784722
RHC,100,2536.0739204784722
RHC,100,2536.0739204784722
RHC,100,2536.0739204784722
RHC,100,2536.0739204784722
RHC,100,2536.0739204784722
RHC,100,2536.0739204784722
RHC,100,2536.0739204784722
RHC,150,2536.0739204784722
RHC,150,2536.0739204784722
RHC,150,2536.0739204784722
RHC,150,2536.0739204784722
RHC,150,2536.0739204784722
RHC,150,2536.0739204784722
RHC,150,2536.0739204784722
RHC,150,2536.0739204784722
RHC,150,2536.0739204784722
RHC,150,2536.0739204784722
RHC,200,2536.0739204784722
RHC,200,2536.0739204784722
RHC,200,2536.0739204784722
RHC,200,2536.0739204784722
RHC,200,2536.0739204784722
RHC,200,2536.0739204784722
RHC,200,2536.0739204784722
RHC,200,2536.0739204784722
RHC,200,2536.0739204784722
RHC,200,2536.0739204784722
RHC,300,2536.0739204784722
RHC,300,2536.0739204784722
RHC,300,2536.0739204784722
RHC,300,2536.0739204784722
RHC,300,2536.0739204784722
RHC,300,2536.0739204784722
RHC,300,2536.0739204784722
RHC,300,2536.0739204784722
RHC,300,2536.0739204784722
RHC,300,2536.0739204784722
RHC,400,2536.0739204784722
RHC,400,2536.0739204784722
RHC,400,2536.0739204784722
RHC,400,2536.0739204784722
RHC,400,2536.0739204784722
RHC,400,2536.0739204784722
RHC,400,2536.0739204784722
RHC,400,2536.0739204784722
RHC,400,2536.0739204784722
RHC,400,2536.0739204784722
RHC,500,2536.0739204784722
RHC,500,2536.0739204784722
RHC,500,2536.0739204784722
RHC,500,2536.0739204784722
RHC,500,2536.0739204784722
RHC,500,2536.0739204784722
RHC,500,2536.0739204784722
RHC,500,2536.0739204784722
RHC,500,2536.0739204784722
RHC,500,2536.0739204784722
RHC,600,2536.0739204784722
RHC,600,2536.0739204784722
RHC,600,2536.0739204784722
RHC,600,2536.0739204784722
RHC,600,2536.0739204784722
RHC,600,2536.0739204784722
RHC,600,2536.0739204784722
RHC,600,2536.0739204784722
RHC,600,2536.0739204784722
RHC,600,2536.0739204784722
RHC,700,2536.0739204784722
RHC,700,2536.0739204784722
RHC,700,2536.0739204784722
RHC,700,2536.0739204784722
RHC,700,2536.0739204784722
RHC,700,2536.0739204784722
RHC,700,2536.0739204784722
RHC,700,2536.0739204784722
RHC,700,2536.0739204784722
RHC,700,2536.0739204784722
RHC,800,2536.0739204784722
RHC,800,2536.0739204784722
RHC,800,2536.0739204784722
RHC,800,2536.0739204784722
RHC,800,2536.0739204784722
RHC,800,2536.0739204784722
RHC,800,2536.0739204784722
RHC,800,2536.0739204784722
RHC,800,2536.0739204784722
RHC,800,2536.0739204784722
RHC,900,2536.0739204784722
RHC,900,2536.0739204784722
RHC,900,2536.0739204784722
RHC,900,2536.0739204784722
RHC,900,2536.0739204784722
RHC,900,2536.0739204784722
RHC,900,2536.0739204784722
RHC,900,2536.0739204784722
RHC,900,2536.0739204784722
RHC,900,2536.0739204784722
RHC,1000,2536.0739204784722
RHC,1000,2536.0739204784722
RHC,1000,2536.0739204784722
RHC,1000,2536.0739204784722
RHC,1000,2536.0739204784722
RHC,1000,2536.0739204784722
RHC,1000,2536.0739204784722
RHC,1000,2536.0739204784722
RHC,1000,2536.0739204784722
RHC,1000,2536.0739204784722
SA55,1,2545.7818031424817
SA55,1,2545.7818031424817
SA55,1,2545.7818031424817
SA55,1,2545.7818031424817
SA55,1,2545.7818031424817
SA55,1,2545.7818031424817
SA55,1,2545.7818031424817
SA55,1,2545.7818031424817
SA55,1,2545.7818031424817
SA55,1,2545.7818031424817
SA55,50,2545.7818031424817
SA55,50,2545.7818031424817
SA55,50,2545.7818031424817
SA55,50,2545.7818031424817
SA55,50,2545.7818031424817
SA55,50,2545.7818031424817
SA55,50,2545.7818031424817
SA55,50,2545.7818031424817
SA55,50,2545.7818031424817
SA55,50,2545.7818031424817
SA55,100,2545.7818031424817
SA55,100,2545.7818031424817
SA55,100,2545.7818031424817
SA55,100,2545.7818031424817
SA55,100,2545.7818031424817
SA55,100,2545.7818031424817
SA55,100,2545.7818031424817
SA55,100,2545.7818031424817
SA55,100,2545.7818031424817
SA55,100,2545.7818031424817
SA55,150,2545.7818031424817
SA55,150,2545.7818031424817
SA55,150,2545.7818031424817
SA55,150,2545.7818031424817
SA55,150,2545.7818031424817
SA55,150,2545.7818031424817
SA55,150,2545.7818031424817
SA55,150,2545.7818031424817
SA55,150,2545.7818031424817
SA55,150,2545.7818031424817
SA55,200,2545.7818031424817
SA55,200,2545.7818031424817
SA55,200,2545.7818031424817
SA55,200,2545.7818031424817
SA55,200,2545.7818031424817
SA55,200,2545.7818031424817
SA55,200,2545.7818031424817
SA55,200,2545.7818031424817
SA55,200,2545.7818031424817
SA55,200,2545.7818031424817
SA55,300,2545.7818031424817
SA55,300,2545.7818031424817
SA55,300,2545.7818031424817
SA55,300,2545.7818031424817
SA55,300,2545.7818031424817
SA55,300,2545.7818031424817
SA55,300,2545.7818031424817
SA55,300,2545.7818031424817
SA55,300,2545.7818031424817
SA55,300,2545.7818031424817
SA55,400,2545.7818031424817
SA55,400,2545.7818031424817
SA55,400,2545.7818031424817
SA55,400,2545.7818031424817
SA55,400,2545.7818031424817
SA55,400,2545.7818031424817
SA55,400,2545.7818031424817
SA55,400,2545.7818031424817
SA55,400,2545.7818031424817
SA55,400,2545.7818031424817
SA55,500,2545.7818031424817
SA55,500,2545.7818031424817
SA55,500,2545.7818031424817
SA55,500,2545.7818031424817
SA55,500,2545.7818031424817
SA55,500,2545.7818031424817
SA55,500,2545.7818031424817
SA55,500,2545.7818031424817
SA55,500,2545.7818031424817
SA55,500,2545.7818031424817
SA55,600,2545.7818031424817
SA55,600,2545.7818031424817
SA55,600,2545.7818031424817
SA55,600,2545.7818031424817
SA55,600,2545.7818031424817
SA55,600,2545.7818031424817
SA55,600,2545.7818031424817
SA55,600,2545.7818031424817
SA55,600,2545.7818031424817
SA55,600,2545.7818031424817
SA55,700,2545.7818031424817
SA55,700,2545.7818031424817
SA55,700,2545.7818031424817
SA55,700,2545.7818031424817
SA55,700,2545.7818031424817
SA55,700,2545.7818031424817
SA55,700,2545.7818031424817
SA55,700,2545.7818031424817
SA55,700,2545.7818031424817
SA55,700,2545.7818031424817
SA55,800,2545.7818031424817
SA55,800,2545.7818031424817
SA55,800,2545.7818031424817
SA55,800,2545.7818031424817
SA55,800,2545.7818031424817
SA55,800,2545.7818031424817
SA55,800,2545.7818031424817
SA55,800,2545.7818031424817
SA55,800,2545.7818031424817
SA55,800,2545.7818031424817
SA55,900,2545.7818031424817
SA55,900,2545.7818031424817
SA55,900,2545.7818031424817
SA55,900,2545.7818031424817
SA55,900,2545.7818031424817
SA55,900,2545.7818031424817
SA55,900,2545.7818031424817
SA55,900,2545.7818031424817
SA55,900,2545.7818031424817
SA55,900,2545.7818031424817
SA55,1000,2545.7818031424817
SA55,1000,2545.7818031424817
SA55,1000,2545.7818031424817
SA55,1000,2545.7818031424817
SA55,1000,2545.7818031424817
SA55,1000,2545.7818031424817
SA55,1000,2545.7818031424817
SA55,1000,2545.7818031424817
SA55,1000,2545.7818031424817
SA55,1000,2545.7818031424817
SA75,1,2638.6207188466865
SA75,1,2638.6207188466865
SA75,1,2638.6207188466865
SA75,1,2638.6207188466865
SA75,1,2638.6207188466865
SA75,1,2638.6207188466865
SA75,1,2638.6207188466865
SA75,1,2638.6207188466865
SA75,1,2638.6207188466865
SA75,1,2638.6207188466865
SA75,50,2638.6207188466865
SA75,50,2638.6207188466865
SA75,50,2638.6207188466865
SA75,50,2638.6207188466865
SA75,50,2638.6207188466865
SA75,50,2638.6207188466865
SA75,50,2638.6207188466865
SA75,50,2638.6207188466865
SA75,50,2638.6207188466865
SA75,50,2638.6207188466865
SA75,100,2638.6207188466865
SA75,100,2638.6207188466865
SA75,100,2638.6207188466865
SA75,100,2638.6207188466865
SA75,100,2638.6207188466865
SA75,100,2638.6207188466865
SA75,100,2638.6207188466865
SA75,100,2638.6207188466865
SA75,100,2638.6207188466865
SA75,100,2638.6207188466865
SA75,150,2638.6207188466865
SA75,150,2638.6207188466865
SA75,150,2638.6207188466865
SA75,150,2638.6207188466865
SA75,150,2638.6207188466865
SA75,150,2638.6207188466865
SA75,150,2638.6207188466865
SA75,150,2638.6207188466865
SA75,150,2638.6207188466865
SA75,150,2638.6207188466865
SA75,200,2638.6207188466865
SA75,200,2638.6207188466865
SA75,200,2638.6207188466865
SA75,200,2638.6207188466865
SA75,200,2638.6207188466865
SA75,200,2638.6207188466865
SA75,200,2638.6207188466865
SA75,200,2638.6207188466865
SA75,200,2638.6207188466865
SA75,200,2638.6207188466865
SA75,300,2638.6207188466865
SA75,300,2638.6207188466865
SA75,300,2638.6207188466865
SA75,300,2638.6207188466865
SA75,300,2638.6207188466865
SA75,300,2638.6207188466865
SA75,300,2638.6207188466865
SA75,300,2638.6207188466865
SA75,300,2638.6207188466865
SA75,300,2638.6207188466865
SA75,400,2638.6207188466865
SA75,400,2638.6207188466865
SA75,400,2638.6207188466865
SA75,400,2638.6207188466865
SA75,400,2638.6207188466865
SA75,400,2638.6207188466865
SA75,400,2638.6207188466865
SA75,400,2638.6207188466865
SA75,400,2638.6207188466865
SA75,400,2638.6207188466865
SA75,500,2638.6207188466865
SA75,500,2638.6207188466865
SA75,500,2638.6207188466865
SA75,500,2638.6207188466865
SA75,500,2638.6207188466865
SA75,500,2638.6207188466865
SA75,500,2638.6207188466865
SA75,500,2638.6207188466865
SA75,500,2638.6207188466865
SA75,500,2638.6207188466865
SA75,600,2638.6207188466865
SA75,600,2638.6207188466865
SA75,600,2638.6207188466865
SA75,600,2638.6207188466865
SA75,600,2638.6207188466865
SA75,600,2638.6207188466865
SA75,600,2638.6207188466865
SA75,600,2638.6207188466865
SA75,600,2638.6207188466865
SA75,600,2638.6207188466865
SA75,700,2638.6207188466865
SA75,700,2638.6207188466865
SA75,700,2638.6207188466865
SA75,700,2638.6207188466865
SA75,700,2638.6207188466865
SA75,700,2638.6207188466865
SA75,700,2638.6207188466865
SA75,700,2638.6207188466865
SA75,700,2638.6207188466865
SA75,700,2638.6207188466865
SA75,800,2638.6207188466865
SA75,800,2638.6207188466865
SA75,800,2638.6207188466865
SA75,800,2638.6207188466865
SA75,800,2638.6207188466865
SA75,800,2638.6207188466865
SA75,800,2638.6207188466865
SA75,800,2638.6207188466865
SA75,800,2638.6207188466865
SA75,800,2638.6207188466865
SA75,900,2638.6207188466865
SA75,900,2638.6207188466865
SA75,900,2638.6207188466865
SA75,900,2638.6207188466865
SA75,900,2638.6207188466865
SA75,900,2638.6207188466865
SA75,900,2638.6207188466865
SA75,900,2638.6207188466865
SA75,900,2638.6207188466865
SA75,900,2638.6207188466865
SA75,1000,2638.6207188466865
SA75,1000,2638.6207188466865
SA75,1000,2638.6207188466865
SA75,1000,2638.6207188466865
SA75,1000,2638.6207188466865
SA75,1000,2638.6207188466865
SA75,1000,2638.6207188466865
SA75,1000,2638.6207188466865
SA75,1000,2638.6207188466865
SA75,1000,2638.6207188466865
SA95,1,2486.0594839850983
SA95,1,2486.0594839850983
SA95,1,2486.0594839850983
SA95,1,2486.0594839850983
SA95,1,2486.0594839850983
SA95,1,2486.0594839850983
SA95,1,2486.0594839850983
SA95,1,2486.0594839850983
SA95,1,2486.0594839850983
SA95,1,2486.0594839850983
SA95,50,2486.0594839850983
SA95,50,2486.0594839850983
SA95,50,2486.0594839850983
SA95,50,2486.0594839850983
SA95,50,2486.0594839850983
SA95,50,2486.0594839850983
SA95,50,2486.0594839850983
SA95,50,2486.0594839850983
SA95,50,2486.0594839850983
SA95,50,2486.0594839850983
SA95,100,2486.0594839850983
SA95,100,2486.0594839850983
SA95,100,2486.0594839850983
SA95,100,2486.0594839850983
SA95,100,2486.0594839850983
SA95,100,2486.0594839850983
SA95,100,2486.0594839850983
SA95,100,2486.0594839850983
SA95,100,2486.0594839850983
SA95,100,2486.0594839850983
SA95,150,2486.0594839850983
SA95,150,2486.0594839850983
SA95,150,2486.0594839850983
SA95,150,2486.0594839850983
SA95,150,2486.0594839850983
SA95,150,2486.0594839850983
SA95,150,2486.0594839850983
SA95,150,2486.0594839850983
SA95,150,2486.0594839850983
SA95,150,2486.0594839850983
SA95,200,2486.0594839850983
SA95,200,2486.0594839850983
SA95,200,2486.0594839850983
SA95,200,2486.0594839850983
SA95,200,2486.0594839850983
SA95,200,2486.0594839850983
SA95,200,2486.0594839850983
SA95,200,2486.0594839850983
SA95,200,2486.0594839850983
SA95,200,2486.0594839850983
SA95,300,2486.0594839850983
SA95,300,2486.0594839850983
SA95,300,2486.0594839850983
SA95,300,2486.0594839850983
SA95,300,2486.0594839850983
SA95,300,2486.0594839850983
SA95,300,2486.0594839850983
SA95,300,2486.0594839850983
SA95,300,2486.0594839850983
SA95,300,2486.0594839850983
SA95,400,2486.0594839850983
SA95,400,2486.0594839850983
SA95,400,2486.0594839850983
SA95,400,2486.0594839850983
SA95,400,2486.0594839850983
SA95,400,2486.0594839850983
SA95,400,2486.0594839850983
SA95,400,2486.0594839850983
SA95,400,2486.0594839850983
SA95,400,2486.0594839850983
SA95,500,2486.0594839850983
SA95,500,2486.0594839850983
SA95,500,2486.0594839850983
SA95,500,2486.0594839850983
SA95,500,2486.0594839850983
SA95,500,2486.0594839850983
SA95,500,2486.0594839850983
SA95,500,2486.0594839850983
SA95,500,2486.0594839850983
SA95,500,2486.0594839850983
SA95,600,2486.0594839850983
SA95,600,2486.0594839850983
SA95,600,2486.0594839850983
SA95,600,2486.0594839850983
SA95,600,2486.0594839850983
SA95,600,2486.0594839850983
SA95,600,2486.0594839850983
SA95,600,2486.0594839850983
SA95,600,2486.0594839850983
SA95,600,2486.0594839850983
SA95,700,2486.0594839850983
SA95,700,2486.0594839850983
SA95,700,2486.0594839850983
SA95,700,2486.0594839850983
SA95,700,2486.0594839850983
SA95,700,2486.0594839850983
SA95,700,2486.0594839850983
SA95,700,2486.0594839850983
SA95,700,2486.0594839850983
SA95,700,2486.0594839850983
SA95,800,2486.0594839850983
SA95,800,2486.0594839850983
SA95,800,2486.0594839850983
SA95,800,2486.0594839850983
SA95,800,2486.0594839850983
SA95,800,2486.0594839850983
SA95,800,2486.0594839850983
SA95,800,2486.0594839850983
SA95,800,2486.0594839850983
SA95,800,2486.0594839850983
SA95,900,2486.0594839850983
SA95,900,2486.0594839850983
SA95,900,2486.0594839850983
SA95,900,2486.0594839850983
SA95,900,2486.0594839850983
SA95,900,2486.0594839850983
SA95,900,2486.0594839850983
SA95,900,2486.0594839850983
SA95,900,2486.0594839850983
SA95,900,2486.0594839850983
SA95,1000,2486.0594839850983
SA95,1000,2486.0594839850983
SA95,1000,2486.0594839850983
SA95,1000,2486.0594839850983
SA95,1000,2486.0594839850983
SA95,1000,2486.0594839850983
SA95,1000,2486.0594839850983
SA95,1000,2486.0594839850983
SA95,1000,2486.0594839850983
SA95,1000,2486.0594839850983
MIMIC50,1,2512.4606311362863
MIMIC50,1,2512.4606311362863
MIMIC50,1,2512.4606311362863
MIMIC50,1,2512.4606311362863
MIMIC50,1,2512.4606311362863
MIMIC50,1,2512.4606311362863
MIMIC50,1,2512.4606311362863
MIMIC50,1,2512.4606311362863
MIMIC50,1,2512.4606311362863
MIMIC50,1,2512.4606311362863
MIMIC50,50,2512.4606311362863
MIMIC50,50,2512.4606311362863
MIMIC50,50,2512.4606311362863
MIMIC50,50,2512.4606311362863
MIMIC50,50,2512.4606311362863
MIMIC50,50,2512.4606311362863
MIMIC50,50,2512.4606311362863
MIMIC50,50,2512.4606311362863
MIMIC50,50,2512.4606311362863
MIMIC50,50,2512.4606311362863
MIMIC50,100,2512.4606311362863
MIMIC50,100,2512.4606311362863
MIMIC50,100,2512.4606311362863
MIMIC50,100,2512.4606311362863
MIMIC50,100,2512.4606311362863
MIMIC50,100,2512.4606311362863
MIMIC50,100,2512.4606311362863
MIMIC50,100,2512.4606311362863
MIMIC50,100,2512.4606311362863
MIMIC50,100,2512.4606311362863
MIMIC50,150,2512.4606311362863
MIMIC50,150,2512.4606311362863
MIMIC50,150,2512.4606311362863
MIMIC50,150,2512.4606311362863
MIMIC50,150,2512.4606311362863
MIMIC50,150,2512.4606311362863
MIMIC50,150,2512.4606311362863
MIMIC50,150,2512.4606311362863
MIMIC50,150,2512.4606311362863
MIMIC50,150,2512.4606311362863
MIMIC50,200,2512.4606311362863
MIMIC50,200,2512.4606311362863
MIMIC50,200,2512.4606311362863
MIMIC50,200,2512.4606311362863
MIMIC50,200,2512.4606311362863
MIMIC50,200,2512.4606311362863
MIMIC50,200,2512.4606311362863
MIMIC50,200,2512.4606311362863
MIMIC50,200,2512.4606311362863
MIMIC50,200,2512.4606311362863
MIMIC50,300,2512.4606311362863
MIMIC50,300,2512.4606311362863
MIMIC50,300,2512.4606311362863
MIMIC50,300,2512.4606311362863
MIMIC50,300,2512.4606311362863
MIMIC50,300,2512.4606311362863
MIMIC50,300,2512.4606311362863
MIMIC50,300,2512.4606311362863
MIMIC50,300,2512.4606311362863
MIMIC50,300,2512.4606311362863
MIMIC50,400,2512.4606311362863
MIMIC50,400,2512.4606311362863
MIMIC50,400,2512.4606311362863
MIMIC50,400,2512.4606311362863
MIMIC50,400,2512.4606311362863
MIMIC50,400,2512.4606311362863
MIMIC50,400,2512.4606311362863
MIMIC50,400,2512.4606311362863
MIMIC50,400,2512.4606311362863
MIMIC50,400,2512.4606311362863
MIMIC50,500,2512.4606311362863
MIMIC50,500,2512.4606311362863
MIMIC50,500,2512.4606311362863
MIMIC50,500,2512.4606311362863
MIMIC50,500,2512.4606311362863
MIMIC50,500,2512.4606311362863
MIMIC50,500,2512.4606311362863
MIMIC50,500,2512.4606311362863
MIMIC50,500,2512.4606311362863
MIMIC50,500,2512.4606311362863
MIMIC50,600,2512.4606311362863
MIMIC50,600,2512.4606311362863
MIMIC50,600,2512.4606311362863
MIMIC50,600,2512.4606311362863
MIMIC50,600,2512.4606311362863
MIMIC50,600,2512.4606311362863
MIMIC50,600,2512.4606311362863
MIMIC50,600,2512.4606311362863
MIMIC50,600,2512.4606311362863
MIMIC50,600,2512.4606311362863
MIMIC50,700,2512.4606311362863
MIMIC50,700,2512.4606311362863
MIMIC50,700,2512.4606311362863
MIMIC50,700,2512.4606311362863
MIMIC50,700,2512.4606311362863
MIMIC50,700,2512.4606311362863
MIMIC50,700,2512.4606311362863
MIMIC50,700,2512.4606311362863
MIMIC50,700,2512.4606311362863
MIMIC50,700,2512.4606311362863
MIMIC50,800,2512.4606311362863
MIMIC50,800,2512.4606311362863
MIMIC50,800,2512.4606311362863
MIMIC50,800,2512.4606311362863
MIMIC50,800,2512.4606311362863
MIMIC50,800,2512.4606311362863
MIMIC50,800,2512.4606311362863
MIMIC50,800,2512.4606311362863
MIMIC50,800,2512.4606311362863
MIMIC50,800,2512.4606311362863
MIMIC50,900,2512.4606311362863
MIMIC50,900,2512.4606311362863
MIMIC50,900,2512.4606311362863
MIMIC50,900,2512.4606311362863
MIMIC50,900,2512.4606311362863
MIMIC50,900,2512.4606311362863
MIMIC50,900,2512.4606311362863
MIMIC50,900,2512.4606311362863
MIMIC50,900,2512.4606311362863
MIMIC50,900,2512.4606311362863
MIMIC50,1000,2512.4606311362863
MIMIC50,1000,2512.4606311362863
MIMIC50,1000,2512.4606311362863
MIMIC50,1000,2512.4606311362863
MIMIC50,1000,2512.4606311362863
MIMIC50,1000,2512.4606311362863
MIMIC50,1000,2512.4606311362863
MIMIC50,1000,2512.4606311362863
MIMIC50,1000,2512.4606311362863
MIMIC50,1000,2512.4606311362863
MIMIC200,1,2724.8979144978034
MIMIC200,1,2724.8979144978034
MIMIC200,1,2724.8979144978034
MIMIC200,1,2724.8979144978034
MIMIC200,1,2724.8979144978034
MIMIC200,1,2724.8979144978034
MIMIC200,1,2724.8979144978034
MIMIC200,1,2724.8979144978034
MIMIC200,1,2724.8979144978034
MIMIC200,1,2724.8979144978034
MIMIC200,50,2724.8979144978034
MIMIC200,50,2724.8979144978034
MIMIC200,50,2724.8979144978034
MIMIC200,50,2724.8979144978034
MIMIC200,50,2724.8979144978034
MIMIC200,50,2724.8979144978034
MIMIC200,50,2724.8979144978034
MIMIC200,50,2724.8979144978034
MIMIC200,50,2724.8979144978034
MIMIC200,50,2724.8979144978034
MIMIC200,100,2724.8979144978034
MIMIC200,100,2724.8979144978034
MIMIC200,100,2724.8979144978034
MIMIC200,100,2724.8979144978034
MIMIC200,100,2724.8979144978034
MIMIC200,100,2724.8979144978034
MIMIC200,100,2724.8979144978034
MIMIC200,100,2724.8979144978034
MIMIC200,100,2724.8979144978034
MIMIC200,100,2724.8979144978034
MIMIC200,150,2724.8979144978034
MIMIC200,150,2724.8979144978034
MIMIC200,150,2724.8979144978034
MIMIC200,150,2724.8979144978034
MIMIC200,150,2724.8979144978034
MIMIC200,150,2724.8979144978034
MIMIC200,150,2724.8979144978034
MIMIC200,150,2724.8979144978034
MIMIC200,150,2724.8979144978034
MIMIC200,150,2724.8979144978034
MIMIC200,200,2724.8979144978034
MIMIC200,200,2724.8979144978034
MIMIC200,200,2724.8979144978034
MIMIC200,200,2724.8979144978034
MIMIC200,200,2724.8979144978034
MIMIC200,200,2724.8979144978034
MIMIC200,200,2724.8979144978034
MIMIC200,200,2724.8979144978034
MIMIC200,200,2724.8979144978034
MIMIC200,200,2724.8979144978034
MIMIC200,300,2724.8979144978034
MIMIC200,300,2724.8979144978034
MIMIC200,300,2724.8979144978034
MIMIC200,300,2724.8979144978034
MIMIC200,300,2724.8979144978034
MIMIC200,300,2724.8979144978034
MIMIC200,300,2724.8979144978034
MIMIC200,300,2724.8979144978034
MIMIC200,300,2724.8979144978034
MIMIC200,300,2724.8979144978034
MIMIC200,400,2724.8979144978034
MIMIC200,400,2724.8979144978034
MIMIC200,400,2724.8979144978034
MIMIC200,400,2724.8979144978034
MIMIC200,400,2724.8979144978034
MIMIC200,400,2724.8979144978034
MIMIC200,400,2724.8979144978034
MIMIC200,400,2724.8979144978034
MIMIC200,400,2724.8979144978034
MIMIC200,400,2724.8979144978034
MIMIC200,500,2724.8979144978034
MIMIC200,500,2724.8979144978034
MIMIC200,500,2724.8979144978034
MIMIC200,500,2724.8979144978034
MIMIC200,500,2724.8979144978034
MIMIC200,500,2724.8979144978034
MIMIC200,500,2724.8979144978034
MIMIC200,500,2724.8979144978034
MIMIC200,500,2724.8979144978034
MIMIC200,500,2724.8979144978034
MIMIC200,600,2724.8979144978034
MIMIC200,600,2724.8979144978034
MIMIC200,600,2724.8979144978034
MIMIC200,600,2724.8979144978034
MIMIC200,600,2724.8979144978034
MIMIC200,600,2724.8979144978034
MIMIC200,600,2724.8979144978034
MIMIC200,600,2724.8979144978034
MIMIC200,600,2724.8979144978034
MIMIC200,600,2724.8979144978034
MIMIC200,700,2724.8979144978034
MIMIC200,700,2724.8979144978034
MIMIC200,700,2724.8979144978034
MIMIC200,700,2724.8979144978034
MIMIC200,700,2724.8979144978034
MIMIC200,700,2724.8979144978034
MIMIC200,700,2724.8979144978034
MIMIC200,700,2724.8979144978034
MIMIC200,700,2724.8979144978034
MIMIC200,700,2724.8979144978034
MIMIC200,800,2724.8979144978034
MIMIC200,800,2724.8979144978034
MIMIC200,800,2724.8979144978034
MIMIC200,800,2724.8979144978034
MIMIC200,800,2724.8979144978034
MIMIC200,800,2724.8979144978034
MIMIC200,800,2724.8979144978034
MIMIC200,800,2724.8979144978034
MIMIC200,800,2724.8979144978034
MIMIC200,800,2724.8979144978034
MIMIC200,900,2724.8979144978034
MIMIC200,900,2724.8979144978034
MIMIC200,900,2724.8979144978034
MIMIC200,900,2724.8979144978034
MIMIC200,900,2724.8979144978034
MIMIC200,900,2724.8979144978034
MIMIC200,900,2724.8979144978034
MIMIC200,900,2724.8979144978034
MIMIC200,900,2724.8979144978034
MIMIC200,900,2724.8979144978034
MIMIC200,1000,2724.8979144978034
MIMIC200,1000,2724.8979144978034
MIMIC200,1000,2724.8979144978034
MIMIC200,1000,2724.8979144978034
MIMIC200,1000,2724.8979144978034
MIMIC200,1000,2724.8979144978034
MIMIC200,1000,2724.8979144978034
MIMIC200,1000,2724.8979144978034
MIMIC200,1000,2724.8979144978034
MIMIC200,1000,2724.8979144978034
